elapsed_sec,version,fps,frame_time_ms,cpu_time_ms,gpu_time_ms,avg_fps,min_fps,max_fps,std_dev_fps,avg_cpu_time_ms,avg_gpu_time_ms
0.219,baseline,5.63,177.51,84.01,0.00,5.63,5.63,5.63,0.00,84.01,0.00
0.272,baseline,10.42,95.94,41.20,46.48,7.31,5.63,10.42,40.78,62.60,46.48
0.313,baseline,23.92,41.81,40.43,38.95,9.52,5.63,23.92,55.78,55.21,42.72
0.354,baseline,24.34,41.08,40.31,38.30,11.23,5.63,24.34,55.69,51.49,41.25
0.394,baseline,24.61,40.64,40.11,37.99,12.60,5.63,24.61,53.45,49.21,40.43
0.433,baseline,24.85,40.24,39.15,39.12,13.72,5.63,24.85,50.92,47.53,40.17
0.474,baseline,25.29,39.55,40.02,37.89,14.68,5.63,25.29,48.57,46.46,39.79
0.513,baseline,24.94,40.10,38.90,38.34,15.48,5.63,25.29,46.37,45.52,39.58
0.552,baseline,25.44,39.31,38.90,37.90,16.18,5.63,25.44,44.43,44.78,39.37
0.590,baseline,25.57,39.11,37.85,37.96,16.80,5.63,25.57,42.70,44.09,39.22
0.628,baseline,26.11,38.31,37.72,36.78,17.36,5.63,26.11,41.16,43.51,38.97
0.666,baseline,26.45,37.80,37.86,36.78,17.87,5.63,26.45,39.79,43.04,38.77
0.706,baseline,26.13,38.27,39.11,36.85,18.32,5.63,26.45,38.52,42.74,38.61
0.745,baseline,25.04,39.93,38.03,37.18,18.68,5.63,26.45,37.31,42.40,38.50
0.783,baseline,26.22,38.14,37.89,36.90,19.04,5.63,26.45,36.25,42.10,38.39
0.821,baseline,26.06,38.37,37.80,36.91,19.37,5.63,26.45,35.26,41.83,38.29
0.859,baseline,26.41,37.87,37.91,37.00,19.68,5.63,26.45,34.36,41.60,38.21
0.897,baseline,26.08,38.34,37.82,36.76,19.95,5.63,26.45,33.52,41.39,38.12
0.935,baseline,26.38,37.91,37.83,36.89,20.21,5.63,26.45,32.74,41.20,38.05
0.974,baseline,26.07,38.36,38.02,36.69,20.44,5.63,26.45,32.00,41.04,37.98
1.012,baseline,26.22,38.13,38.13,36.77,20.65,5.63,26.45,31.31,40.91,37.92
1.050,baseline,25.82,38.73,37.88,36.81,20.84,5.63,26.45,30.66,40.77,37.87
1.088,baseline,26.32,37.99,37.93,36.81,21.03,5.63,26.45,30.06,40.64,37.82
1.127,baseline,25.96,38.51,38.06,36.90,21.20,5.63,26.45,29.48,40.54,37.78
1.165,baseline,26.20,38.17,38.13,36.80,21.37,5.63,26.45,28.94,40.44,37.74
1.205,baseline,25.74,38.85,39.08,36.72,21.51,5.63,26.45,28.42,40.39,37.70
1.243,baseline,25.51,39.21,37.92,37.16,21.63,5.63,26.45,27.92,40.30,37.68
1.282,baseline,25.95,38.54,37.94,36.85,21.76,5.63,26.45,27.45,40.21,37.65
1.320,baseline,26.30,38.02,37.84,36.81,21.89,5.63,26.45,27.01,40.13,37.62
1.358,baseline,26.06,38.37,37.88,36.81,22.01,5.63,26.45,26.59,40.06,37.59
1.397,baseline,26.35,37.96,39.01,36.82,22.13,5.63,26.45,26.19,40.02,37.56
1.436,baseline,25.22,39.64,37.94,37.42,22.21,5.63,26.45,25.80,39.96,37.56
1.474,baseline,26.30,38.02,38.00,36.68,22.32,5.63,26.45,25.43,39.90,37.53
1.513,baseline,25.84,38.70,38.01,36.79,22.41,5.63,26.45,25.08,39.84,37.51
1.551,baseline,26.22,38.14,37.99,36.70,22.50,5.63,26.45,24.74,39.79,37.49
1.589,baseline,25.85,38.68,37.97,36.67,22.58,5.63,26.45,24.41,39.74,37.46
1.628,baseline,26.27,38.07,38.09,36.70,22.67,5.63,26.45,24.10,39.69,37.44
1.666,baseline,25.79,38.78,38.03,36.72,22.74,5.63,26.45,23.80,39.65,37.42
1.704,baseline,26.22,38.13,37.96,36.79,22.82,5.63,26.45,23.51,39.61,37.41
1.743,baseline,25.94,38.54,37.75,36.85,22.89,5.63,26.45,23.23,39.56,37.39
1.780,baseline,26.43,37.84,37.68,36.72,22.96,5.63,26.45,22.96,39.51,37.37
1.819,baseline,26.26,38.08,37.75,36.69,23.03,5.63,26.45,22.70,39.47,37.36
1.856,baseline,26.43,37.83,37.82,36.83,23.10,5.63,26.45,22.45,39.43,37.34
1.895,baseline,26.15,38.24,37.94,36.71,23.16,5.63,26.45,22.21,39.40,37.33
1.933,baseline,26.30,38.03,38.16,36.70,23.22,5.63,26.45,21.97,39.37,37.32
1.973,baseline,25.57,39.12,39.24,36.76,23.27,5.63,26.45,21.74,39.37,37.30
2.011,baseline,25.41,39.35,38.00,36.92,23.31,5.63,26.45,21.51,39.34,37.29
2.050,baseline,25.85,38.69,38.13,36.79,23.36,5.63,26.45,21.30,39.32,37.28
2.088,baseline,26.15,38.24,38.02,36.74,23.41,5.63,26.45,21.09,39.29,37.27
2.127,baseline,25.83,38.72,38.02,36.91,23.45,5.63,26.45,20.88,39.26,37.27
2.165,baseline,26.23,38.12,37.97,36.82,23.50,5.63,26.45,20.69,39.24,37.26
2.204,baseline,25.88,38.64,37.91,36.73,23.54,5.63,26.45,20.49,39.21,37.25
2.242,baseline,26.33,37.98,37.84,36.95,23.59,5.63,26.45,20.31,39.19,37.24
2.280,baseline,26.11,38.30,37.82,36.72,23.63,5.63,26.45,20.13,39.16,37.23
2.318,baseline,26.36,37.94,37.91,36.69,23.68,5.63,26.45,19.95,39.14,37.22
2.356,baseline,25.92,38.58,37.91,36.80,23.71,5.63,26.45,19.78,39.12,37.21
2.394,baseline,26.32,37.99,37.78,36.79,23.76,5.63,26.45,19.61,39.09,37.21
2.433,baseline,26.15,38.24,37.89,36.89,23.79,5.63,26.45,19.45,39.07,37.20
2.472,baseline,26.34,37.97,39.24,36.79,23.83,5.63,26.45,19.29,39.08,37.19
2.511,baseline,24.97,40.05,38.00,37.05,23.85,5.63,26.45,19.13,39.06,37.19
2.549,baseline,26.25,38.10,37.97,36.71,25.25,10.42,26.45,7.38,38.29,37.18
2.588,baseline,25.87,38.66,38.15,36.79,25.87,23.92,26.45,0.84,38.24,37.02
2.626,baseline,26.14,38.26,38.00,36.78,25.91,24.34,26.45,0.74,38.20,36.98
2.665,baseline,25.87,38.66,38.10,36.99,25.94,24.61,26.45,0.66,38.16,36.96
2.704,baseline,26.18,38.20,39.06,36.95,25.97,24.85,26.45,0.60,38.14,36.95
2.743,baseline,25.16,39.75,39.02,37.13,25.97,24.94,26.45,0.58,38.14,36.91
2.783,baseline,25.58,39.10,39.19,37.29,25.98,24.94,26.45,0.57,38.13,36.90
2.821,baseline,25.12,39.82,37.88,37.08,25.98,24.97,26.45,0.56,38.11,36.88
2.860,baseline,26.35,37.95,38.84,36.66,26.00,24.97,26.45,0.55,38.11,36.86
2.898,baseline,25.49,39.23,37.74,36.99,25.99,24.97,26.45,0.56,38.11,36.84
2.936,baseline,26.46,37.80,37.82,36.77,26.00,24.97,26.46,0.56,38.11,36.84
2.976,baseline,26.11,38.31,39.40,36.88,25.99,24.97,26.46,0.56,38.14,36.85
3.015,baseline,25.30,39.53,38.64,37.03,25.98,24.97,26.46,0.57,38.13,36.85
3.055,baseline,25.55,39.13,39.45,36.99,25.99,24.97,26.46,0.55,38.15,36.85
3.094,baseline,25.26,39.58,39.11,37.26,25.97,24.97,26.46,0.56,38.17,36.85
3.134,baseline,25.12,39.81,39.04,37.25,25.96,24.97,26.46,0.59,38.19,36.86
3.173,baseline,25.55,39.14,39.21,37.10,25.94,24.97,26.46,0.59,38.21,36.86
3.213,baseline,25.04,39.93,39.17,37.15,25.93,24.97,26.46,0.61,38.24,36.87
3.252,baseline,25.45,39.30,39.11,37.20,25.91,24.97,26.46,0.61,38.26,36.87
3.292,baseline,25.09,39.85,39.25,37.18,25.89,24.97,26.46,0.63,38.28,36.88
3.331,baseline,25.39,39.39,39.17,37.51,25.88,24.97,26.46,0.64,38.30,36.89
3.371,baseline,25.09,39.86,39.22,37.70,25.87,24.97,26.46,0.66,38.32,36.91
3.411,baseline,25.43,39.32,39.06,37.80,25.85,24.97,26.46,0.66,38.34,36.92
3.450,baseline,25.26,39.58,39.00,37.89,25.84,24.97,26.46,0.67,38.35,36.94
3.489,baseline,25.59,39.08,39.13,37.61,25.83,24.97,26.46,0.66,38.37,36.95
3.529,baseline,25.18,39.72,39.48,37.66,25.82,24.97,26.46,0.68,38.38,36.97
3.569,baseline,25.25,39.61,39.51,37.70,25.82,24.97,26.46,0.68,38.40,36.98
3.609,baseline,24.80,40.32,39.18,37.75,25.80,24.80,26.46,0.71,38.42,36.99
3.648,baseline,25.46,39.28,39.27,37.78,25.78,24.80,26.46,0.71,38.45,37.01
3.688,baseline,25.01,39.99,39.16,37.81,25.76,24.80,26.46,0.72,38.47,37.03
3.727,baseline,25.48,39.25,39.12,37.61,25.75,24.80,26.46,0.72,38.47,37.04
3.768,baseline,25.11,39.83,40.33,38.08,25.75,24.80,26.46,0.72,38.51,37.05
3.807,baseline,24.69,40.51,37.93,38.05,25.72,24.69,26.46,0.74,38.51,37.07
3.846,baseline,25.96,38.52,39.01,36.90,25.72,24.69,26.46,0.74,38.53,37.07
3.885,baseline,25.59,39.08,39.00,37.17,25.71,24.69,26.46,0.74,38.54,37.08
3.925,baseline,25.27,39.57,38.94,37.08,25.70,24.69,26.46,0.74,38.56,37.09
3.964,baseline,25.63,39.02,39.09,37.43,25.69,24.69,26.46,0.73,38.58,37.10
4.004,baseline,25.05,39.92,39.18,37.42,25.68,24.69,26.46,0.74,38.59,37.11
4.043,baseline,25.46,39.28,39.08,37.52,25.67,24.69,26.46,0.74,38.61,37.12
4.083,baseline,25.15,39.76,39.13,37.77,25.65,24.69,26.46,0.74,38.64,37.14
4.122,baseline,25.47,39.26,39.14,37.62,25.64,24.69,26.46,0.73,38.66,37.16
4.162,baseline,25.11,39.83,39.33,37.68,25.62,24.69,26.46,0.73,38.69,37.17
4.202,baseline,25.37,39.42,39.66,37.93,25.60,24.69,26.46,0.71,38.72,37.19
4.243,baseline,24.90,40.15,40.93,37.86,25.58,24.69,26.46,0.72,38.77,37.21
4.283,baseline,24.36,41.05,39.51,38.32,25.55,24.36,26.46,0.75,38.79,37.24
4.323,baseline,25.00,40.00,39.33,38.15,25.54,24.36,26.46,0.75,38.79,37.26
4.362,baseline,25.36,39.44,39.36,37.76,25.54,24.36,26.46,0.75,38.81,37.27
4.403,baseline,24.89,40.17,39.47,38.17,25.52,24.36,26.46,0.76,38.84,37.30
4.443,baseline,25.28,39.56,40.67,38.38,25.51,24.36,26.46,0.75,38.88,37.32
4.483,baseline,24.30,41.15,39.61,38.25,25.48,24.30,26.46,0.79,38.91,37.35
4.523,baseline,25.16,39.74,39.62,38.26,25.46,24.30,26.46,0.78,38.93,37.37
4.564,baseline,24.93,40.12,40.61,37.93,25.45,24.30,26.46,0.78,38.98,37.39
4.604,baseline,24.57,40.71,39.30,38.49,25.42,24.30,26.46,0.78,39.00,37.42
4.645,baseline,24.99,40.01,41.01,38.22,25.40,24.30,26.46,0.78,39.06,37.44
4.685,baseline,24.31,41.13,39.55,38.45,25.36,24.30,26.46,0.79,39.08,37.47
4.727,baseline,24.42,40.94,40.73,38.25,25.34,24.30,26.46,0.80,39.13,37.49
4.768,baseline,24.48,40.84,40.73,38.61,25.31,24.30,26.46,0.80,39.18,37.53
4.808,baseline,24.26,41.22,39.55,38.49,25.28,24.26,26.46,0.81,39.21,37.55
4.849,baseline,25.22,39.66,40.48,38.02,25.26,24.26,26.46,0.78,39.23,37.57
4.890,baseline,24.21,41.30,40.52,38.66,25.25,24.21,26.46,0.81,39.27,37.60
4.931,baseline,24.62,40.61,40.42,38.47,25.22,24.21,26.46,0.80,39.31,37.63
4.972,baseline,24.24,41.26,40.74,38.61,25.19,24.21,26.46,0.81,39.35,37.66
5.013,baseline,24.48,40.85,40.51,38.24,25.16,24.21,26.46,0.80,39.40,37.68
5.054,baseline,24.38,41.02,40.45,38.51,25.14,24.21,26.46,0.81,39.44,37.71
5.095,baseline,24.64,40.58,40.80,38.36,25.11,24.21,26.46,0.79,39.46,37.73
5.136,baseline,24.21,41.31,40.53,38.44,25.10,24.21,26.46,0.81,39.49,37.75
5.176,baseline,24.60,40.65,40.61,38.42,25.08,24.21,26.46,0.81,39.51,37.77
5.217,baseline,24.32,41.13,40.55,38.76,25.07,24.21,26.46,0.82,39.56,37.80
5.258,baseline,24.59,40.67,40.40,38.48,25.04,24.21,26.46,0.79,39.58,37.83
5.299,baseline,24.31,41.13,40.17,38.18,25.02,24.21,26.46,0.80,39.62,37.85
5.339,baseline,24.82,40.29,40.22,38.53,24.99,24.21,26.11,0.75,39.66,37.88
5.380,baseline,24.41,40.97,40.25,38.52,24.97,24.21,25.96,0.72,39.68,37.91
5.421,baseline,24.76,40.38,40.37,38.57,24.96,24.21,25.96,0.72,39.71,37.93
5.462,baseline,24.27,41.20,40.58,38.54,24.93,24.21,25.96,0.73,39.73,37.96
5.503,baseline,24.57,40.69,40.38,38.51,24.92,24.21,25.96,0.73,39.75,37.98
5.544,baseline,24.26,41.21,40.66,38.55,24.91,24.21,25.96,0.74,39.77,38.00
5.585,baseline,24.52,40.78,40.74,38.38,24.89,24.21,25.96,0.73,39.80,38.02
5.625,baseline,24.25,41.24,39.83,38.48,24.88,24.21,25.96,0.74,39.81,38.05
5.665,baseline,25.02,39.96,39.79,37.17,24.87,24.21,25.96,0.73,39.82,38.04
5.705,baseline,24.81,40.30,39.45,37.50,24.87,24.21,25.96,0.73,39.83,38.05
5.745,baseline,25.28,39.56,39.78,37.60,24.87,24.21,25.96,0.73,39.84,38.05
5.785,baseline,24.83,40.27,39.38,38.24,24.86,24.21,25.96,0.73,39.84,38.06
5.825,baseline,25.33,39.47,40.36,38.13,24.86,24.21,25.96,0.73,39.86,38.07
5.866,baseline,24.40,40.99,40.14,38.40,24.84,24.21,25.96,0.73,39.88,38.07
5.906,baseline,24.83,40.27,39.18,38.37,24.83,24.21,25.96,0.71,39.88,38.09
5.947,baseline,25.07,39.89,40.64,38.06,24.83,24.21,25.96,0.71,39.90,38.09
5.988,baseline,24.54,40.75,40.70,38.45,24.82,24.21,25.96,0.71,39.92,38.11
6.029,baseline,24.28,41.19,40.40,38.34,24.81,24.21,25.96,0.72,39.94,38.12
6.069,baseline,24.66,40.55,40.36,38.59,24.80,24.21,25.96,0.70,39.96,38.13
6.110,baseline,24.33,41.11,40.39,38.52,24.79,24.21,25.96,0.71,39.98,38.14
6.151,baseline,24.69,40.50,40.52,38.74,24.77,24.21,25.96,0.70,40.00,38.16
6.192,baseline,24.37,41.04,40.60,38.78,24.76,24.21,25.96,0.70,40.01,38.17
6.233,baseline,24.56,40.72,40.72,38.71,24.76,24.21,25.96,0.70,40.05,38.18
6.274,baseline,24.05,41.58,40.19,38.66,24.73,24.05,25.63,0.67,40.07,38.21
6.314,baseline,24.83,40.27,40.27,38.37,24.71,24.05,25.63,0.65,40.09,38.23
6.355,baseline,24.44,40.91,40.33,38.55,24.70,24.05,25.63,0.64,40.12,38.26
6.396,baseline,24.74,40.42,40.83,38.49,24.69,24.05,25.47,0.61,40.15,38.27
6.437,baseline,24.19,41.33,40.84,38.79,24.67,24.05,25.47,0.62,40.17,38.30
6.478,baseline,24.40,40.99,40.29,38.43,24.66,24.05,25.47,0.60,40.19,38.31
6.519,baseline,24.37,41.04,40.80,38.45,24.64,24.05,25.47,0.59,40.22,38.32
6.561,baseline,24.42,40.95,41.09,38.35,24.63,24.05,25.37,0.57,40.25,38.34
6.602,baseline,24.03,41.61,40.67,38.78,24.61,24.03,25.37,0.57,40.28,38.35
6.640,baseline,24.51,40.80,38.14,38.71,24.59,24.03,25.36,0.55,40.25,38.37
6.680,baseline,25.74,38.85,38.91,37.13,24.61,24.03,25.74,0.59,40.22,38.35
6.719,baseline,25.64,39.00,38.75,37.90,24.63,24.03,25.74,0.63,40.20,38.35
6.759,baseline,25.50,39.22,39.94,37.97,24.64,24.03,25.74,0.65,40.22,38.34
6.799,baseline,25.00,39.99,39.85,38.31,24.63,24.03,25.74,0.63,40.22,38.35
6.838,baseline,24.87,40.21,38.84,38.18,24.63,24.03,25.74,0.63,40.21,38.35
6.878,baseline,25.70,38.92,39.78,38.05,24.64,24.03,25.74,0.66,40.20,38.35
6.918,baseline,24.92,40.12,40.02,38.15,24.65,24.03,25.74,0.65,40.20,38.35
6.958,baseline,24.93,40.11,39.11,38.53,24.64,24.03,25.74,0.65,40.20,38.35
6.997,baseline,25.17,39.72,39.26,37.21,24.65,24.03,25.74,0.65,40.17,38.34
7.037,baseline,25.40,39.37,39.43,37.56,24.66,24.03,25.74,0.67,40.18,38.32
7.077,baseline,25.04,39.93,39.36,37.76,24.66,24.03,25.74,0.67,40.15,38.32
7.117,baseline,25.35,39.45,40.31,38.10,24.68,24.03,25.74,0.68,40.16,38.31
7.157,baseline,24.36,41.05,39.35,38.47,24.68,24.03,25.74,0.68,40.14,38.31
7.198,baseline,25.35,39.46,40.69,38.15,24.69,24.03,25.74,0.70,40.14,38.31
7.239,baseline,24.28,41.19,40.58,38.50,24.69,24.03,25.74,0.70,40.15,38.31
7.280,baseline,24.58,40.68,40.44,38.55,24.68,24.03,25.74,0.69,40.15,38.31
7.321,baseline,24.20,41.32,40.42,38.75,24.68,24.03,25.74,0.69,40.15,38.32
7.362,baseline,24.67,40.53,40.72,38.70,24.68,24.03,25.74,0.69,40.16,38.32
7.403,baseline,24.26,41.22,40.34,39.16,24.68,24.03,25.74,0.69,40.15,38.33
7.444,baseline,24.70,40.49,40.76,38.82,24.69,24.03,25.74,0.69,40.15,38.34
7.485,baseline,24.25,41.25,40.66,39.23,24.68,24.03,25.74,0.69,40.16,38.35
7.526,baseline,24.51,40.79,40.73,38.85,24.68,24.03,25.74,0.69,40.16,38.36
7.567,baseline,24.05,41.58,40.69,38.71,24.68,24.03,25.74,0.70,40.16,38.36
7.608,baseline,24.50,40.81,40.59,38.73,24.68,24.03,25.74,0.70,40.16,38.37
7.650,baseline,24.02,41.63,40.63,38.82,24.67,24.02,25.74,0.71,40.16,38.37
7.690,baseline,24.54,40.75,40.76,38.60,24.67,24.02,25.74,0.71,40.17,38.37
7.732,baseline,24.23,41.27,41.08,39.03,24.67,24.02,25.74,0.71,40.18,38.39
7.773,baseline,24.28,41.19,41.05,38.93,24.66,24.02,25.74,0.71,40.20,38.39
7.815,baseline,24.06,41.57,40.99,39.16,24.65,24.02,25.74,0.72,40.21,38.40
7.855,baseline,24.33,41.10,40.44,39.27,24.65,24.02,25.74,0.73,40.21,38.42
7.896,baseline,24.30,41.16,40.21,39.33,24.65,24.02,25.74,0.73,40.20,38.43
7.936,baseline,24.83,40.28,40.25,38.91,24.65,24.02,25.74,0.73,40.20,38.43
7.979,baseline,24.46,40.88,41.53,38.98,24.65,24.02,25.74,0.72,40.22,38.44
8.019,baseline,24.02,41.63,40.79,39.43,24.65,24.02,25.74,0.74,40.22,38.46
8.061,baseline,24.21,41.31,40.53,39.01,24.65,24.02,25.74,0.74,40.23,38.47
8.101,baseline,24.62,40.62,40.29,39.14,24.64,24.02,25.74,0.73,40.24,38.50
8.142,baseline,24.39,41.00,40.34,39.13,24.63,24.02,25.74,0.73,40.25,38.53
8.183,baseline,24.73,40.43,40.85,39.06,24.62,24.02,25.74,0.72,40.27,38.55
8.224,baseline,24.19,41.34,40.83,39.29,24.61,24.02,25.74,0.73,40.29,38.57
8.265,baseline,24.43,40.94,40.34,39.49,24.60,24.02,25.74,0.71,40.29,38.59
8.306,baseline,24.36,41.05,40.17,39.09,24.60,24.02,25.74,0.71,40.29,38.60
8.346,baseline,24.85,40.24,40.35,38.98,24.60,24.02,25.74,0.71,40.31,38.61
8.388,baseline,24.35,41.07,41.55,39.26,24.59,24.02,25.74,0.71,40.33,38.63
8.429,baseline,24.00,41.66,40.81,39.30,24.58,24.00,25.74,0.72,40.33,38.65
8.471,baseline,24.21,41.31,40.98,39.17,24.57,24.00,25.74,0.72,40.34,38.66
8.512,baseline,24.33,41.10,41.15,38.95,24.57,24.00,25.74,0.72,40.35,38.67
8.553,baseline,24.00,41.67,40.41,39.29,24.56,24.00,25.74,0.73,40.35,38.68
8.594,baseline,24.70,40.48,41.23,39.26,24.56,24.00,25.74,0.73,40.36,38.69
8.635,baseline,23.84,41.94,40.13,39.60,24.55,23.84,25.74,0.75,40.36,38.70
8.677,baseline,24.85,40.24,41.51,38.83,24.56,23.84,25.74,0.75,40.37,38.71
8.718,baseline,23.61,42.36,40.34,39.50,24.55,23.61,25.74,0.77,40.37,38.72
8.759,baseline,24.74,40.43,40.62,38.87,24.55,23.61,25.74,0.77,40.38,38.73
8.800,baseline,24.33,41.11,40.93,39.24,24.55,23.61,25.74,0.77,40.39,38.74
8.841,baseline,24.36,41.05,40.99,39.29,24.54,23.61,25.74,0.77,40.39,38.75
8.882,baseline,24.10,41.50,40.56,39.47,24.54,23.61,25.74,0.77,40.39,38.76
8.924,baseline,24.61,40.63,41.40,39.29,24.54,23.61,25.74,0.77,40.40,38.78
8.965,baseline,23.71,42.17,40.17,39.54,24.53,23.61,25.74,0.79,40.39,38.80
9.006,baseline,24.84,40.26,41.39,39.31,24.54,23.61,25.74,0.79,40.40,38.81
9.048,baseline,23.68,42.24,40.68,39.54,24.53,23.61,25.74,0.81,40.40,38.83
9.088,baseline,24.51,40.80,40.55,39.22,24.53,23.61,25.74,0.81,40.44,38.83
9.130,baseline,24.37,41.04,41.66,39.14,24.51,23.61,25.70,0.77,40.49,38.87
9.171,baseline,23.93,41.78,40.78,39.58,24.48,23.61,25.70,0.74,40.52,38.90
9.214,baseline,24.22,41.28,41.98,39.46,24.46,23.61,25.70,0.72,40.55,38.92
9.255,baseline,23.76,42.09,40.73,39.62,24.44,23.61,25.70,0.72,40.57,38.94
9.296,baseline,24.26,41.22,40.84,39.32,24.43,23.61,25.70,0.72,40.60,38.96
9.337,baseline,24.42,40.96,41.05,39.33,24.41,23.61,25.40,0.67,40.62,38.98
9.380,baseline,24.06,41.56,41.96,39.39,24.40,23.61,25.40,0.66,40.65,39.00
9.420,baseline,23.75,42.10,40.60,39.91,24.38,23.61,25.40,0.67,40.68,39.03
9.463,baseline,24.11,41.47,41.57,39.15,24.36,23.61,25.40,0.65,40.72,39.06
9.504,baseline,24.00,41.67,40.86,39.65,24.34,23.61,25.35,0.62,40.74,39.09
9.546,baseline,24.18,41.36,41.96,39.61,24.32,23.61,25.35,0.60,40.78,39.12
9.588,baseline,23.77,42.07,42.24,40.33,24.30,23.61,25.35,0.57,40.82,39.16
9.631,baseline,23.37,42.78,41.74,39.89,24.28,23.37,25.35,0.61,40.86,39.19
9.673,baseline,23.89,41.86,41.78,39.94,24.26,23.37,24.85,0.57,40.88,39.22
9.714,baseline,23.44,42.66,40.71,39.68,24.24,23.37,24.85,0.60,40.88,39.23
9.756,baseline,24.49,40.83,41.95,39.41,24.24,23.37,24.85,0.60,40.90,39.25
9.799,baseline,23.55,42.47,41.71,39.85,24.23,23.37,24.85,0.62,40.92,39.27
9.841,baseline,23.89,41.85,41.95,39.68,24.22,23.37,24.85,0.61,40.94,39.28
9.883,baseline,23.56,42.44,41.98,39.54,24.21,23.37,24.85,0.63,40.97,39.29
9.925,baseline,23.74,42.13,41.92,39.78,24.19,23.37,24.85,0.63,40.99,39.31
9.966,baseline,23.59,42.40,40.43,39.47,24.18,23.37,24.85,0.64,40.99,39.31
10.008,baseline,24.68,40.51,41.41,39.26,24.18,23.37,24.85,0.65,41.00,39.32
10.048,baseline,23.74,42.13,40.14,39.37,24.18,23.37,24.85,0.66,40.99,39.33
10.089,baseline,24.85,40.24,40.27,39.23,24.18,23.37,24.85,0.67,40.98,39.34
10.130,baseline,24.40,40.99,40.01,39.18,24.19,23.37,24.85,0.67,40.97,39.34
10.170,baseline,24.96,40.06,40.19,39.10,24.19,23.37,24.96,0.68,40.96,39.35
10.210,baseline,24.61,40.64,40.03,39.05,24.20,23.37,24.96,0.69,40.95,39.35
10.250,baseline,24.93,40.11,40.09,39.12,24.21,23.37,24.96,0.71,40.93,39.35
10.291,baseline,24.52,40.78,40.22,38.97,24.22,23.37,24.96,0.71,40.92,39.35
10.331,baseline,24.82,40.30,39.91,38.99,24.23,23.37,24.96,0.72,40.91,39.35
10.372,baseline,24.79,40.34,39.97,38.79,24.23,23.37,24.96,0.73,40.90,39.34
10.413,baseline,24.98,40.04,41.16,38.54,24.24,23.37,24.98,0.74,40.92,39.33
10.453,baseline,24.03,41.62,40.03,38.77,24.23,23.37,24.98,0.74,40.89,39.33
10.494,baseline,24.93,40.11,40.34,38.50,24.24,23.37,24.98,0.75,40.89,39.31
10.535,baseline,24.28,41.19,40.17,38.93,24.25,23.37,24.98,0.75,40.88,39.31
10.574,baseline,24.86,40.22,38.96,38.75,24.25,23.37,24.98,0.76,40.86,39.30
10.614,baseline,25.22,39.65,39.12,37.14,24.26,23.37,25.22,0.78,40.84,39.27
10.653,baseline,25.48,39.24,38.95,37.52,24.27,23.37,25.48,0.82,40.81,39.25
10.692,baseline,25.34,39.47,38.72,37.65,24.29,23.37,25.48,0.85,40.77,39.22
10.732,baseline,25.80,38.77,39.98,38.08,24.31,23.37,25.80,0.90,40.77,39.19
10.771,baseline,24.69,40.50,38.89,38.31,24.32,23.37,25.80,0.90,40.75,39.18
10.811,baseline,25.67,38.96,39.98,38.21,24.33,23.37,25.80,0.94,40.74,39.17
10.852,baseline,24.65,40.57,40.13,38.56,24.34,23.37,25.80,0.94,40.72,39.16
10.891,baseline,24.86,40.22,38.88,38.37,24.35,23.37,25.80,0.94,40.68,39.14
10.932,baseline,25.46,39.28,40.12,37.96,24.37,23.37,25.80,0.97,40.67,39.12
10.972,baseline,24.84,40.25,40.42,38.36,24.38,23.37,25.80,0.98,40.66,39.11
11.013,baseline,24.29,41.17,40.41,38.30,24.38,23.37,25.80,0.97,40.66,39.09
11.054,baseline,24.67,40.54,40.38,38.59,24.38,23.37,25.80,0.97,40.64,39.08
11.095,baseline,24.33,41.11,40.41,38.59,24.39,23.37,25.80,0.96,40.65,39.07
11.136,baseline,24.67,40.54,40.40,38.78,24.39,23.37,25.80,0.96,40.63,39.07
11.177,baseline,24.25,41.23,40.38,38.79,24.40,23.37,25.80,0.95,40.63,39.05
11.218,baseline,24.70,40.48,40.74,38.86,24.40,23.37,25.80,0.94,40.63,39.05
11.259,baseline,24.24,41.25,41.17,38.98,24.40,23.37,25.80,0.95,40.64,39.05
11.300,baseline,24.22,41.29,40.48,38.99,24.40,23.37,25.80,0.95,40.63,39.04
11.341,baseline,24.21,41.31,40.47,39.18,24.40,23.37,25.80,0.94,40.63,39.04
11.383,baseline,24.63,40.60,41.46,39.04,24.40,23.37,25.80,0.94,40.63,39.04
11.424,baseline,23.63,42.32,40.48,39.53,24.40,23.37,25.80,0.95,40.63,39.04
11.466,baseline,24.63,40.60,41.29,39.26,24.39,23.37,25.80,0.94,40.63,39.03
11.506,baseline,23.82,41.99,39.91,39.81,24.40,23.37,25.80,0.94,40.62,39.04
11.547,baseline,25.02,39.96,41.19,38.84,24.40,23.37,25.80,0.95,40.63,39.03
11.588,baseline,23.99,41.68,39.94,39.33,24.40,23.37,25.80,0.95,40.60,39.04
11.628,baseline,25.01,39.99,40.03,38.59,24.42,23.37,25.80,0.96,40.59,39.02
11.668,baseline,24.71,40.48,39.99,39.22,24.42,23.37,25.80,0.96,40.55,39.02
11.708,baseline,24.96,40.06,39.90,38.82,24.44,23.37,25.80,0.95,40.54,39.00
11.749,baseline,24.75,40.40,39.89,38.98,24.45,23.37,25.80,0.95,40.52,39.00
11.790,baseline,25.01,39.99,41.11,38.90,24.46,23.37,25.80,0.96,40.52,38.99
11.830,baseline,24.06,41.57,39.81,39.30,24.46,23.37,25.80,0.96,40.49,38.99
11.870,baseline,25.10,39.85,39.94,38.83,24.48,23.37,25.80,0.96,40.48,38.97
11.910,baseline,24.75,40.40,39.80,38.98,24.50,23.37,25.80,0.95,40.45,38.97
11.950,baseline,25.10,39.83,40.00,38.97,24.51,23.37,25.80,0.96,40.43,38.96
11.991,baseline,24.71,40.47,39.83,38.91,24.52,23.37,25.80,0.95,40.40,38.94
12.031,baseline,25.07,39.89,39.88,39.22,24.54,23.37,25.80,0.94,40.36,38.93
12.071,baseline,24.80,40.32,39.93,38.89,24.57,23.44,25.80,0.91,40.33,38.91
12.111,baseline,24.99,40.02,39.82,38.86,24.59,23.44,25.80,0.90,40.30,38.89
12.151,baseline,24.86,40.23,40.01,39.09,24.61,23.55,25.80,0.86,40.28,38.88
12.192,baseline,24.95,40.08,40.97,38.93,24.62,23.55,25.80,0.87,40.27,38.87
12.233,baseline,24.17,41.37,40.06,39.15,24.63,23.56,25.80,0.84,40.24,38.86
12.273,baseline,24.90,40.16,40.04,38.70,24.65,23.56,25.80,0.82,40.21,38.84
12.314,baseline,24.49,40.84,39.96,38.89,24.66,23.59,25.80,0.79,40.18,38.83
12.354,baseline,25.00,40.00,40.09,38.75,24.69,23.59,25.80,0.76,40.15,38.82
12.394,baseline,24.64,40.58,39.79,38.91,24.70,23.63,25.80,0.72,40.13,38.81
12.434,baseline,25.11,39.83,39.97,39.12,24.71,23.63,25.80,0.73,40.11,38.81
12.474,baseline,24.77,40.37,39.80,38.72,24.73,23.63,25.80,0.69,40.11,38.79
12.514,baseline,25.10,39.84,40.01,38.37,24.73,23.63,25.80,0.70,40.10,38.78
12.555,baseline,24.73,40.44,39.98,38.53,24.74,23.63,25.80,0.69,40.10,38.77
12.595,baseline,24.98,40.03,40.04,38.53,24.74,23.63,25.80,0.69,40.10,38.76
12.636,baseline,24.56,40.72,40.07,38.68,24.74,23.63,25.80,0.69,40.10,38.75
12.676,baseline,24.91,40.14,39.88,38.53,24.74,23.63,25.80,0.69,40.10,38.74
12.716,baseline,24.81,40.31,39.95,38.31,24.74,23.63,25.80,0.69,40.09,38.73
12.756,baseline,25.00,40.01,39.76,38.40,24.75,23.63,25.80,0.69,40.09,38.72
12.797,baseline,24.90,40.17,41.08,38.80,24.75,23.63,25.80,0.70,40.11,38.72
12.837,baseline,24.31,41.14,39.98,39.56,24.74,23.63,25.80,0.70,40.09,38.74
12.878,baseline,24.70,40.48,39.89,38.96,24.75,23.63,25.80,0.68,40.08,38.74
12.918,baseline,25.04,39.93,39.96,38.31,24.75,23.63,25.80,0.68,40.08,38.74
12.958,baseline,24.76,40.39,39.88,38.40,24.76,23.63,25.80,0.68,40.07,38.73
12.998,baseline,25.05,39.92,39.92,38.40,24.76,23.63,25.80,0.68,40.09,38.73
13.038,baseline,24.81,40.30,40.00,38.39,24.75,23.63,25.80,0.67,40.10,38.75
13.078,baseline,24.96,40.07,39.96,38.52,24.75,23.63,25.80,0.66,40.12,38.76
13.119,baseline,24.60,40.65,40.06,38.47,24.73,23.63,25.80,0.65,40.14,38.78
13.159,baseline,24.93,40.11,40.16,38.35,24.72,23.63,25.67,0.61,40.15,38.78
13.199,baseline,24.53,40.77,39.12,38.52,24.72,23.63,25.67,0.61,40.15,38.78
13.240,baseline,25.51,39.20,40.44,38.22,24.71,23.63,25.51,0.60,40.16,38.78
13.281,baseline,24.24,41.26,40.17,38.88,24.71,23.63,25.51,0.61,40.16,38.79
13.321,baseline,24.85,40.24,40.28,38.55,24.71,23.63,25.51,0.61,40.18,38.79
13.362,baseline,24.51,40.80,39.98,38.41,24.69,23.63,25.51,0.59,40.18,38.80
13.402,baseline,24.98,40.03,40.01,38.58,24.69,23.63,25.51,0.59,40.17,38.80
13.441,baseline,24.64,40.58,38.90,38.43,24.70,23.63,25.51,0.59,40.15,38.81
13.482,baseline,25.65,38.99,40.95,38.00,24.72,23.63,25.65,0.62,40.16,38.80
13.521,baseline,24.21,41.31,38.97,39.42,24.71,23.63,25.65,0.62,40.13,38.81
13.561,baseline,25.61,39.04,39.84,37.78,24.73,23.63,25.65,0.65,40.12,38.79
13.602,baseline,24.83,40.27,39.98,38.29,24.74,23.63,25.65,0.64,40.12,38.79
13.641,baseline,24.97,40.04,38.71,38.38,24.74,23.63,25.65,0.64,40.08,38.78
13.681,baseline,25.54,39.16,39.99,37.83,24.76,23.63,25.65,0.65,40.06,38.76
13.721,baseline,24.96,40.06,39.91,38.99,24.78,23.63,25.65,0.64,40.05,38.76
13.761,baseline,24.79,40.34,39.98,38.43,24.79,23.63,25.65,0.63,40.05,38.75
13.801,baseline,24.98,40.04,40.07,38.52,24.79,23.63,25.65,0.63,40.02,38.74
13.841,baseline,24.72,40.45,38.84,38.46,24.81,23.82,25.65,0.58,39.99,38.72
13.881,baseline,25.69,38.92,39.91,38.03,24.83,23.82,25.69,0.60,39.97,38.70
13.921,baseline,24.82,40.29,39.99,38.60,24.85,23.99,25.69,0.56,39.97,38.68
13.961,baseline,24.97,40.05,40.15,38.43,24.85,23.99,25.69,0.56,39.96,38.67
14.002,baseline,24.49,40.84,40.01,38.70,24.85,24.06,25.69,0.53,39.96,38.66
14.042,baseline,24.94,40.09,40.09,38.69,24.85,24.06,25.69,0.53,39.96,38.66
14.083,baseline,24.63,40.60,40.01,38.64,24.85,24.06,25.69,0.53,39.96,38.65
14.123,baseline,24.95,40.08,39.96,38.42,24.85,24.06,25.69,0.53,39.96,38.65
14.163,baseline,24.80,40.33,39.99,38.37,24.85,24.06,25.69,0.53,39.96,38.64
14.203,baseline,24.96,40.06,40.19,38.52,24.85,24.06,25.69,0.53,39.95,38.63
14.244,baseline,24.37,41.03,40.24,38.57,24.86,24.17,25.69,0.51,39.95,38.62
14.285,baseline,24.78,40.35,40.25,38.52,24.85,24.17,25.69,0.51,39.96,38.61
14.326,baseline,24.42,40.95,40.23,38.50,24.85,24.17,25.69,0.52,39.97,38.61
14.366,baseline,24.80,40.33,40.43,38.30,24.84,24.17,25.69,0.52,39.97,38.59
14.408,baseline,24.23,41.27,40.61,38.91,24.83,24.17,25.69,0.53,39.99,38.59
14.449,baseline,24.55,40.73,41.05,38.95,24.82,24.17,25.69,0.53,40.00,38.59
14.490,baseline,24.08,41.54,40.85,38.91,24.81,24.08,25.69,0.56,40.02,38.59
14.531,baseline,24.41,40.96,40.63,38.88,24.80,24.08,25.69,0.56,40.03,38.59
14.572,baseline,24.12,41.47,40.28,39.10,24.79,24.08,25.69,0.58,40.04,38.59
14.612,baseline,24.76,40.38,40.24,38.73,24.79,24.08,25.69,0.58,40.03,38.59
14.654,baseline,24.42,40.95,40.56,39.01,24.79,24.08,25.69,0.57,40.03,38.58
14.696,baseline,24.58,40.68,41.90,39.25,24.79,24.08,25.69,0.57,40.07,38.59
14.737,baseline,23.59,42.39,40.80,39.65,24.77,23.59,25.69,0.62,40.08,38.61
14.778,baseline,24.44,40.91,41.40,39.11,24.76,23.59,25.69,0.63,40.10,38.61
14.821,baseline,23.66,42.26,41.61,40.03,24.74,23.59,25.69,0.67,40.13,38.63
14.862,baseline,23.96,41.73,41.41,39.81,24.72,23.59,25.69,0.69,40.16,38.64
14.904,baseline,23.73,42.13,41.24,39.95,24.71,23.59,25.69,0.72,40.18,38.66
14.946,baseline,24.20,41.32,41.71,39.26,24.69,23.59,25.69,0.72,40.21,38.68
14.987,baseline,23.69,42.21,40.77,39.77,24.67,23.59,25.69,0.75,40.22,38.70
15.030,baseline,24.44,40.92,42.04,39.05,24.66,23.59,25.69,0.75,40.25,38.71
15.071,baseline,23.51,42.54,40.61,39.94,24.65,23.51,25.69,0.80,40.26,38.73
15.112,baseline,24.56,40.72,41.34,39.14,24.64,23.51,25.69,0.79,40.29,38.74
15.153,baseline,23.76,42.09,40.27,39.77,24.62,23.51,25.69,0.82,40.29,38.76
15.195,baseline,24.79,40.34,41.27,39.23,24.62,23.51,25.69,0.81,40.32,38.78
15.235,baseline,23.93,41.79,40.01,39.95,24.60,23.51,25.69,0.82,40.30,38.80
15.275,baseline,24.94,40.09,39.89,38.82,24.61,23.51,25.69,0.82,40.30,38.78
15.316,baseline,24.81,40.30,40.04,38.89,24.61,23.51,25.69,0.83,40.30,38.78
15.357,baseline,24.93,40.12,41.19,38.82,24.61,23.51,25.69,0.82,40.32,38.79
15.398,baseline,23.94,41.78,40.56,39.17,24.60,23.51,25.69,0.84,40.33,38.80
15.439,baseline,24.58,40.68,40.75,39.20,24.59,23.51,25.69,0.83,40.35,38.82
15.481,baseline,24.24,41.26,42.02,39.41,24.58,23.51,25.69,0.83,40.38,38.83
15.524,baseline,23.73,42.14,42.05,39.80,24.56,23.51,25.69,0.85,40.42,38.86
15.566,baseline,23.48,42.58,41.61,39.50,24.54,23.48,25.69,0.88,40.44,38.87
15.606,baseline,23.97,41.72,40.42,39.61,24.52,23.48,25.69,0.89,40.45,38.89
15.648,baseline,24.29,41.16,41.27,39.32,24.52,23.48,25.69,0.89,40.48,38.91
15.689,baseline,24.18,41.36,41.08,39.83,24.50,23.48,25.69,0.87,40.49,38.93
15.731,baseline,24.05,41.59,41.13,39.27,24.50,23.48,25.69,0.87,40.51,38.94
15.772,baseline,24.27,41.20,41.17,39.43,24.49,23.48,25.69,0.87,40.52,38.95
15.813,baseline,23.99,41.68,40.37,39.70,24.48,23.48,25.69,0.87,40.53,38.98
15.854,baseline,24.69,40.50,40.34,39.14,24.47,23.48,25.69,0.87,40.53,38.99
15.895,baseline,24.36,41.04,40.39,39.25,24.47,23.48,25.69,0.87,40.56,39.00
15.935,baseline,24.69,40.50,40.66,39.15,24.45,23.48,25.69,0.84,40.56,39.02
15.978,baseline,24.29,41.17,42.09,39.20,24.45,23.48,25.69,0.83,40.61,39.01
16.019,baseline,23.69,42.22,40.93,39.92,24.42,23.48,25.69,0.82,40.63,39.05
16.061,baseline,24.13,41.45,41.56,39.26,24.41,23.48,25.69,0.81,40.65,39.07
16.103,baseline,24.02,41.64,41.46,40.17,24.40,23.48,25.69,0.81,40.70,39.10
16.145,baseline,23.67,42.24,41.35,39.69,24.36,23.48,25.69,0.79,40.72,39.13
16.186,baseline,24.10,41.49,41.38,39.74,24.35,23.48,25.69,0.78,40.74,39.14
16.229,baseline,23.73,42.15,41.59,39.48,24.33,23.48,25.69,0.79,40.77,39.16
16.271,baseline,23.98,41.70,41.83,40.10,24.32,23.48,25.69,0.78,40.80,39.18
16.313,baseline,23.62,42.33,42.03,39.51,24.30,23.48,25.69,0.79,40.85,39.20
16.354,baseline,23.72,42.16,41.00,39.78,24.27,23.48,24.97,0.74,40.87,39.23
16.398,baseline,24.06,41.56,43.16,39.17,24.25,23.48,24.97,0.73,40.92,39.24
16.440,baseline,23.12,43.26,41.47,40.41,24.22,23.12,24.96,0.76,40.95,39.27
16.482,baseline,23.59,42.38,41.44,39.41,24.21,23.12,24.96,0.77,40.97,39.28
16.522,baseline,24.08,41.53,40.30,40.00,24.19,23.12,24.96,0.76,40.97,39.31
16.565,baseline,24.38,41.01,41.74,39.23,24.19,23.12,24.96,0.75,41.00,39.32
16.606,baseline,23.89,41.85,40.71,39.71,24.17,23.12,24.96,0.74,41.02,39.34
16.648,baseline,24.27,41.21,42.10,39.42,24.16,23.12,24.96,0.72,41.05,39.36
16.690,baseline,23.68,42.23,41.69,40.06,24.14,23.12,24.94,0.71,41.08,39.38
16.733,baseline,23.50,42.55,41.57,39.61,24.13,23.12,24.94,0.72,41.10,39.40
16.774,baseline,24.00,41.67,41.31,39.84,24.11,23.12,24.94,0.71,41.12,39.42
16.816,baseline,23.79,42.04,41.21,39.57,24.10,23.12,24.94,0.71,41.13,39.44
16.857,baseline,24.23,41.28,41.31,39.58,24.09,23.12,24.94,0.70,41.15,39.46
16.899,baseline,23.84,41.94,41.52,39.39,24.09,23.12,24.94,0.70,41.16,39.47
16.941,baseline,24.03,41.62,41.96,39.68,24.08,23.12,24.94,0.69,41.18,39.48
16.984,baseline,23.55,42.46,42.06,39.41,24.07,23.12,24.94,0.70,41.20,39.49
17.025,baseline,23.71,42.18,41.06,40.08,24.06,23.12,24.94,0.70,41.20,39.51
17.068,baseline,24.04,41.60,42.00,39.35,24.06,23.12,24.94,0.70,41.23,39.51
17.110,baseline,23.73,42.14,41.76,39.75,24.04,23.12,24.94,0.69,41.26,39.53
17.150,baseline,23.65,42.28,40.29,39.56,24.03,23.12,24.94,0.69,41.25,39.54
17.193,baseline,24.77,40.37,42.40,39.44,24.03,23.12,24.94,0.69,41.26,39.54
17.234,baseline,23.25,43.01,40.24,40.43,24.03,23.12,24.94,0.71,41.25,39.55
17.275,baseline,24.79,40.34,41.22,39.23,24.03,23.12,24.94,0.72,41.25,39.56
17.316,baseline,23.95,41.75,40.06,39.87,24.04,23.12,24.94,0.72,41.22,39.55
17.357,baseline,24.91,40.14,41.11,39.21,24.05,23.12,24.94,0.74,41.22,39.54
17.398,baseline,24.06,41.56,41.11,39.69,24.06,23.12,24.94,0.74,41.22,39.54
17.439,baseline,24.29,41.17,40.26,39.63,24.06,23.12,24.94,0.74,41.19,39.55
17.481,baseline,24.54,40.76,41.89,39.10,24.07,23.12,24.94,0.74,41.21,39.53
17.523,baseline,23.80,42.01,41.76,40.07,24.06,23.12,24.94,0.74,41.21,39.55
17.565,baseline,23.65,42.29,41.93,39.93,24.06,23.12,24.94,0.74,41.23,39.55
17.608,baseline,23.77,42.06,42.07,40.33,24.05,23.12,24.94,0.73,41.24,39.57
17.650,baseline,23.48,42.60,41.32,40.09,24.05,23.12,24.94,0.74,41.26,39.58
17.691,baseline,24.16,41.40,41.41,39.65,24.04,23.12,24.94,0.72,41.26,39.58
17.733,baseline,23.78,42.06,41.37,39.49,24.03,23.12,24.94,0.72,41.28,39.58
17.775,baseline,24.12,41.46,41.43,39.98,24.02,23.12,24.93,0.70,41.31,39.60
17.817,baseline,23.72,42.16,41.81,40.47,24.00,23.12,24.93,0.68,41.34,39.62
17.858,baseline,23.85,41.93,40.88,39.44,23.98,23.12,24.91,0.65,41.33,39.63
17.901,baseline,24.16,41.38,42.19,39.32,23.99,23.12,24.91,0.65,41.36,39.63
17.943,baseline,23.63,42.33,41.73,39.66,23.97,23.12,24.91,0.64,41.38,39.64
17.985,baseline,23.45,42.64,41.49,39.91,23.96,23.12,24.91,0.65,41.37,39.65
18.025,baseline,24.03,41.61,40.31,39.58,23.96,23.12,24.91,0.65,41.34,39.65
18.068,baseline,24.35,41.07,41.43,39.17,23.98,23.12,24.91,0.64,41.34,39.64
18.109,baseline,24.09,41.52,41.65,39.90,23.98,23.12,24.91,0.64,41.36,39.65
18.151,baseline,23.52,42.52,40.72,40.12,23.97,23.12,24.91,0.65,41.35,39.66
18.193,baseline,24.49,40.83,41.93,39.29,23.97,23.12,24.91,0.66,41.36,39.65
18.236,baseline,23.55,42.46,42.40,39.71,23.96,23.12,24.91,0.66,41.38,39.66
18.278,baseline,23.52,42.52,42.03,39.47,23.95,23.12,24.91,0.67,41.40,39.66
18.321,baseline,23.49,42.58,42.71,40.00,23.94,23.12,24.91,0.68,41.44,39.66
18.364,baseline,23.33,42.86,42.46,40.84,23.92,23.12,24.91,0.67,41.47,39.69
18.405,baseline,23.21,43.08,40.27,40.64,23.90,23.12,24.91,0.68,41.47,39.72
18.446,baseline,24.77,40.37,40.80,38.25,23.90,23.12,24.91,0.69,41.47,39.70
18.488,baseline,24.22,41.28,41.94,39.40,23.90,23.12,24.91,0.68,41.47,39.70
18.532,baseline,23.76,42.08,43.43,40.21,23.90,23.12,24.91,0.68,41.51,39.71
18.574,baseline,22.75,43.96,41.96,41.20,23.88,22.75,24.91,0.73,41.52,39.74
18.616,baseline,23.75,42.11,41.33,40.00,23.87,22.75,24.91,0.73,41.51,39.74
18.659,baseline,23.78,42.05,42.44,39.99,23.88,22.75,24.91,0.73,41.53,39.74
18.702,baseline,23.51,42.53,42.86,40.73,23.87,22.75,24.91,0.74,41.56,39.76
18.744,baseline,23.05,43.38,41.98,40.62,23.85,22.75,24.91,0.76,41.56,39.78
18.786,baseline,23.75,42.10,41.03,39.58,23.85,22.75,24.91,0.76,41.55,39.77
18.830,baseline,23.76,42.09,43.56,39.25,23.85,22.75,24.91,0.76,41.58,39.77
18.873,baseline,22.89,43.69,43.16,41.33,23.84,22.75,24.91,0.79,41.61,39.79
18.917,baseline,22.89,43.69,42.78,41.04,23.82,22.75,24.91,0.82,41.61,39.82
18.962,baseline,23.32,42.89,44.85,41.45,23.82,22.75,24.91,0.81,41.66,39.84
19.005,baseline,21.92,45.62,42.50,42.83,23.79,21.92,24.91,0.93,41.68,39.90
19.050,baseline,23.48,42.58,44.84,41.30,23.78,21.92,24.91,0.93,41.76,39.92
19.093,baseline,21.85,45.76,42.61,42.89,23.74,21.85,24.91,1.04,41.77,39.98
19.137,baseline,23.40,42.74,43.16,40.43,23.73,21.85,24.91,1.04,41.81,39.99
19.183,baseline,22.60,44.25,45.01,41.46,23.70,21.85,24.91,1.07,41.86,40.03
19.225,baseline,22.16,45.13,42.56,43.16,23.67,21.85,24.91,1.13,41.87,40.08
19.271,baseline,23.08,43.32,44.78,41.39,23.67,21.85,24.91,1.14,41.93,40.11
19.318,baseline,22.29,44.86,46.95,43.35,23.64,21.85,24.91,1.18,42.02,40.16
19.363,baseline,20.99,47.64,43.89,45.09,23.58,20.99,24.91,1.37,42.07,40.26
19.409,baseline,22.72,44.01,46.02,42.46,23.56,20.99,24.91,1.37,42.14,40.30
19.458,baseline,21.37,46.80,48.47,44.99,23.51,20.99,24.91,1.48,42.26,40.40
19.511,baseline,20.58,48.60,52.73,46.34,23.45,20.58,24.91,1.67,42.44,40.51
19.565,baseline,18.69,53.51,53.69,50.93,23.35,18.69,24.91,2.17,42.63,40.70
19.615,baseline,18.57,53.84,49.34,52.30,23.24,18.57,24.91,2.59,42.77,40.90
19.671,baseline,19.90,50.25,55.14,48.14,23.17,18.57,24.91,2.74,42.99,41.05
19.734,baseline,18.10,55.26,62.98,53.79,23.05,18.10,24.91,3.14,43.34,41.29
19.795,baseline,15.62,64.02,59.47,60.90,22.86,15.62,24.91,4.10,43.66,41.64
19.862,baseline,16.79,59.56,67.53,57.93,22.69,15.62,24.91,4.55,44.08,41.95
19.929,baseline,14.57,68.64,65.33,65.47,22.47,14.57,24.91,5.53,44.50,42.37
19.998,baseline,15.28,65.45,69.80,63.98,22.27,14.57,24.91,6.12,44.98,42.78
20.070,baseline,14.15,70.67,71.02,68.24,22.03,14.15,24.91,6.93,45.49,43.25
20.144,baseline,14.06,71.13,73.32,69.69,21.78,14.06,24.77,7.64,46.03,43.76
20.216,baseline,13.40,74.61,71.00,71.77,21.52,13.40,24.77,8.46,46.53,44.29
20.284,baseline,14.05,71.15,67.57,68.71,21.29,13.40,24.77,9.00,46.98,44.78
20.351,baseline,14.53,68.82,65.43,65.63,21.08,13.40,24.77,9.38,47.38,45.22
20.422,baseline,15.26,65.53,71.18,63.66,20.91,13.40,24.77,9.64,47.87,45.61
20.496,baseline,13.88,72.05,73.37,69.82,20.70,13.40,24.77,10.09,48.39,46.11
20.570,baseline,13.60,73.51,73.46,71.65,20.47,13.40,24.77,10.56,48.91,46.63
20.638,baseline,13.39,74.71,66.73,71.13,20.25,13.39,24.77,11.03,49.34,47.15
20.709,baseline,14.95,66.87,71.08,64.46,20.08,13.39,24.77,11.21,49.83,47.57
20.781,baseline,13.83,72.30,71.01,69.86,19.88,13.39,24.77,11.52,50.33,48.07
20.849,baseline,14.05,71.17,67.52,68.94,19.68,13.39,24.77,11.77,50.76,48.55
20.915,baseline,14.59,68.54,65.45,65.89,19.52,13.39,24.77,11.93,51.15,48.98
20.980,baseline,15.25,65.57,64.59,63.73,19.37,13.39,24.77,12.01,51.55,49.38
21.045,baseline,15.22,65.71,64.13,62.69,19.22,13.39,24.77,12.06,51.92,49.77
21.114,baseline,15.57,64.24,68.72,62.84,19.08,13.39,24.77,12.09,52.37,50.16
21.180,baseline,14.32,69.84,65.20,66.91,18.92,13.39,24.77,12.23,52.76,50.61
21.245,baseline,15.30,65.34,64.07,63.14,18.78,13.39,24.77,12.24,53.16,51.00
21.309,baseline,15.39,64.97,64.06,62.13,18.64,13.39,24.77,12.23,53.53,51.38
21.373,baseline,15.58,64.19,63.83,62.38,18.51,13.39,24.77,12.20,53.90,51.76
21.440,baseline,15.50,64.50,65.99,62.80,18.38,13.39,24.77,12.18,54.32,52.14
21.505,baseline,15.13,66.11,64.96,64.30,18.24,13.39,24.77,12.14,54.71,52.55
21.571,baseline,15.25,65.60,64.83,63.42,18.11,13.39,24.77,12.11,55.08,52.95
21.635,baseline,15.41,64.88,63.85,63.15,17.99,13.39,24.77,12.05,55.45,53.34
21.699,baseline,15.53,64.41,63.95,62.83,17.88,13.39,24.77,11.99,55.80,53.72
21.763,baseline,15.62,64.02,63.85,62.78,17.76,13.39,24.77,11.91,56.16,54.09
21.824,baseline,15.50,64.53,60.52,62.41,17.65,13.39,24.77,11.83,56.49,54.45
21.886,baseline,16.50,60.62,61.56,58.93,17.55,13.39,24.22,11.64,56.84,54.80
21.944,baseline,16.07,62.23,57.02,59.73,17.44,13.39,23.78,11.48,57.09,55.14
22.002,baseline,17.51,57.11,58.04,55.18,17.36,13.39,23.78,11.31,57.33,55.39
22.057,baseline,17.07,58.57,54.78,56.53,17.29,13.39,23.78,11.17,57.55,55.64
22.115,baseline,18.24,54.84,58.16,53.47,17.23,13.39,23.78,10.99,57.83,55.87
22.175,baseline,17.05,58.66,59.20,56.87,17.15,13.39,23.76,10.79,58.11,56.15
22.235,baseline,16.87,59.26,60.27,58.18,17.07,13.39,23.76,10.59,58.40,56.44
22.291,baseline,16.46,60.76,55.69,58.65,16.98,13.39,23.76,10.41,58.63,56.74
22.349,baseline,17.94,55.73,58.01,54.13,16.92,13.39,23.76,10.18,58.91,56.98
22.405,baseline,17.10,58.49,54.64,56.21,16.84,13.39,23.48,9.94,59.09,57.26
22.459,baseline,18.28,54.70,54.66,53.76,16.79,13.39,23.48,9.75,59.29,57.47
22.514,baseline,18.14,55.12,54.68,53.21,16.73,13.39,23.48,9.55,59.48,57.67
22.571,baseline,18.27,54.75,56.95,53.57,16.68,13.39,23.48,9.32,59.69,57.88
22.630,baseline,17.40,57.47,58.22,56.01,16.62,13.39,23.48,9.13,59.95,58.09
22.689,baseline,17.16,58.28,59.25,57.32,16.55,13.39,23.40,8.85,60.19,58.36
22.745,baseline,16.73,59.78,54.70,57.36,16.49,13.39,23.40,8.64,60.39,58.60
22.802,baseline,18.26,54.76,56.92,53.76,16.43,13.39,23.08,8.36,60.62,58.83
22.861,baseline,17.42,57.40,59.14,56.00,16.37,13.39,23.08,8.08,60.85,59.07
22.917,baseline,16.88,59.23,55.91,57.41,16.31,13.39,23.08,7.82,61.08,59.31
22.976,baseline,17.68,56.56,58.12,54.61,16.25,13.39,22.72,7.49,61.30,59.53
23.033,baseline,17.19,58.19,57.07,56.77,16.19,13.39,22.72,7.18,61.47,59.75
23.088,baseline,17.33,57.71,53.73,55.58,16.15,13.39,22.72,6.96,61.63,59.92
23.146,baseline,18.59,53.81,58.20,52.51,16.11,13.39,21.37,6.65,61.84,60.09
23.202,baseline,17.01,58.78,55.80,56.48,16.06,13.39,20.58,6.36,61.96,60.28
23.256,baseline,17.90,55.85,53.73,54.52,16.03,13.39,19.90,6.17,61.97,60.42
23.313,baseline,18.44,54.23,56.96,52.39,16.02,13.39,19.90,6.15,62.03,60.44
23.373,baseline,17.54,57.02,59.26,56.21,16.01,13.39,19.90,6.09,62.19,60.51
23.434,baseline,16.70,59.88,60.49,57.75,15.97,13.39,18.59,5.89,62.28,60.67
23.491,baseline,16.50,60.59,57.11,58.88,15.94,13.39,18.59,5.82,62.19,60.75
23.551,baseline,17.28,57.87,59.44,55.09,15.97,13.39,18.59,5.85,62.18,60.66
23.607,baseline,16.80,59.54,55.99,57.44,15.97,13.39,18.59,5.85,61.99,60.65
23.668,baseline,17.65,56.65,59.49,54.16,16.02,13.39,18.59,5.84,61.90,60.46
23.720,baseline,16.78,59.59,52.77,57.24,16.05,13.39,18.59,5.84,61.61,60.35
23.781,baseline,18.68,53.53,59.48,51.28,16.12,13.39,18.68,5.84,61.42,60.07
23.838,baseline,16.78,59.59,57.23,57.99,16.17,13.39,18.68,5.73,61.15,59.87
23.900,baseline,17.22,58.06,61.65,56.22,16.24,13.39,18.68,5.50,60.99,59.61
23.964,baseline,16.21,61.70,63.95,60.35,16.29,13.39,18.68,5.36,60.93,59.47
24.026,baseline,15.41,64.88,60.64,62.13,16.30,13.39,18.68,5.29,60.85,59.41
24.088,baseline,16.46,60.76,61.66,58.93,16.32,13.39,18.68,5.26,60.70,59.33
24.153,baseline,16.04,62.35,63.99,60.68,16.37,13.39,18.68,5.07,60.54,59.18
24.219,baseline,15.62,64.04,66.55,62.84,16.41,13.39,18.68,4.83,60.42,59.04
24.286,baseline,14.81,67.50,66.39,64.95,16.44,13.83,18.68,4.57,60.42,58.93
24.354,baseline,15.05,66.46,67.52,64.93,16.44,13.83,18.68,4.56,60.36,58.94
24.425,baseline,14.63,68.35,69.95,66.34,16.46,14.05,18.68,4.42,60.34,58.88
24.493,baseline,14.28,70.04,68.52,67.32,16.47,14.28,18.68,4.37,60.36,58.85
24.564,baseline,14.40,69.43,69.76,67.02,16.46,14.28,18.68,4.40,60.43,58.87
24.631,baseline,14.32,69.83,66.38,67.49,16.44,14.28,18.68,4.51,60.46,58.94
24.697,baseline,14.86,67.28,65.37,64.36,16.44,14.28,18.68,4.55,60.48,58.96
24.762,baseline,15.27,65.49,65.35,63.31,16.43,14.28,18.68,4.56,60.42,58.97
24.829,baseline,15.08,66.29,65.41,63.33,16.45,14.28,18.68,4.47,60.43,58.91
24.895,baseline,15.26,65.53,66.67,63.46,16.45,14.28,18.68,4.47,60.47,58.92
24.963,baseline,14.75,67.82,66.21,65.03,16.43,14.28,18.68,4.53,60.51,58.97
25.029,baseline,15.07,66.34,66.53,64.40,16.42,14.28,18.68,4.57,60.55,59.00
25.096,baseline,14.78,67.64,65.59,64.29,16.41,14.28,18.68,4.62,60.55,59.02
25.166,baseline,15.22,65.68,69.84,64.06,16.41,14.28,18.68,4.62,60.63,59.02
25.233,baseline,14.13,70.76,66.39,67.78,16.39,14.13,18.68,4.75,60.65,59.09
25.299,baseline,15.03,66.52,64.98,64.57,16.38,14.13,18.68,4.78,60.67,59.12
25.364,baseline,15.22,65.72,65.23,63.45,16.37,14.13,18.68,4.79,60.69,59.13
25.430,baseline,15.31,65.31,65.07,63.39,16.37,14.13,18.68,4.81,60.71,59.14
25.500,baseline,15.20,65.78,69.41,64.00,16.36,14.13,18.68,4.83,60.86,59.16
25.565,baseline,14.39,69.50,65.03,67.72,16.32,14.13,18.68,4.95,60.92,59.31
25.634,baseline,15.20,65.80,68.55,63.95,16.31,14.13,18.68,4.98,61.11,59.38
25.704,baseline,14.57,68.64,69.71,67.60,16.26,14.13,18.68,5.03,61.31,59.59
25.777,baseline,14.19,70.47,71.87,68.40,16.20,14.13,18.68,5.15,61.59,59.79
25.846,baseline,13.89,72.02,69.71,69.95,16.13,13.89,18.68,5.23,61.78,60.06
25.917,baseline,14.14,70.71,69.76,68.15,16.08,13.89,18.68,5.33,61.96,60.25
25.988,baseline,14.32,69.83,70.97,68.26,16.03,13.89,18.68,5.41,62.14,60.42
26.060,baseline,13.88,72.03,70.86,69.07,15.98,13.88,18.68,5.54,62.39,60.59
26.132,baseline,14.08,71.03,71.56,69.45,15.92,13.88,18.68,5.57,62.62,60.84
26.200,baseline,13.77,72.60,66.69,69.10,15.86,13.77,18.68,5.68,62.82,61.06
26.269,baseline,14.97,66.79,68.75,64.79,15.81,13.77,18.68,5.60,63.05,61.24
26.339,baseline,14.37,69.59,69.87,67.56,15.75,13.77,18.68,5.55,63.31,61.48
26.412,baseline,14.29,69.96,72.20,68.29,15.69,13.77,18.68,5.49,63.56,61.73
26.479,baseline,13.64,73.29,66.60,69.95,15.62,13.64,18.68,5.57,63.70,61.96
26.549,baseline,15.00,66.68,69.82,65.07,15.59,13.64,18.68,5.53,63.88,62.09
26.615,baseline,14.09,70.97,64.30,67.61,15.54,13.64,18.68,5.56,64.04,62.26
26.684,baseline,15.53,64.38,69.12,62.60,15.50,13.64,18.68,5.42,64.24,62.41
26.748,baseline,14.24,70.25,63.34,66.45,15.45,13.64,18.68,5.39,64.31,62.58
26.816,baseline,15.76,63.44,67.99,61.67,15.44,13.64,18.68,5.35,64.51,62.65
26.882,baseline,14.40,69.42,64.41,66.42,15.39,13.64,18.68,5.27,64.61,62.85
26.946,baseline,15.49,64.56,63.34,62.16,15.36,13.64,18.68,5.19,64.72,62.94
27.014,baseline,15.55,64.29,67.78,61.51,15.33,13.64,18.68,5.11,64.95,63.04
27.080,baseline,14.74,67.86,65.66,65.56,15.28,13.64,18.68,4.90,65.08,63.26
27.146,baseline,14.89,67.14,64.54,63.71,15.25,13.64,18.68,4.82,65.22,63.38
27.214,baseline,15.47,64.63,67.75,62.75,15.21,13.64,18.68,4.66,65.46,63.51
27.281,baseline,14.51,68.92,65.39,66.34,15.16,13.64,18.68,4.42,65.60,63.75
27.350,baseline,15.27,65.47,68.97,63.71,15.12,13.64,18.68,4.27,65.76,63.87
27.416,baseline,14.30,69.94,65.65,67.05,15.09,13.64,18.68,4.22,65.85,64.03
27.481,baseline,15.21,65.75,64.32,63.12,15.07,13.64,18.68,4.15,65.97,64.10
27.546,baseline,15.29,65.41,64.26,62.05,15.04,13.64,18.68,4.00,66.05,64.21
27.614,baseline,15.53,64.38,67.76,62.63,15.02,13.64,18.68,3.91,66.24,64.30
27.680,baseline,14.52,68.87,65.06,66.32,14.97,13.64,18.68,3.70,66.33,64.50
27.750,baseline,15.35,65.16,69.41,63.86,14.95,13.64,18.68,3.59,66.61,64.61
27.814,baseline,14.26,70.13,63.95,67.48,14.89,13.64,17.22,3.16,66.69,64.88
27.883,baseline,15.62,64.01,68.29,62.84,14.88,13.64,17.22,3.04,66.87,64.96
27.947,baseline,14.50,68.94,63.91,66.83,14.84,13.64,16.46,2.80,66.91,65.14
28.015,baseline,15.63,63.97,68.24,63.02,14.83,13.64,16.46,2.74,66.98,65.18
28.080,baseline,14.53,68.83,63.69,66.83,14.81,13.64,16.46,2.72,67.03,65.26
28.147,baseline,15.68,63.77,67.09,62.59,14.80,13.64,16.04,2.62,67.12,65.32
28.216,baseline,14.77,67.70,68.21,66.17,14.78,13.64,15.76,2.53,67.19,65.42
28.280,baseline,14.65,68.25,63.81,66.82,14.77,13.64,15.76,2.49,67.15,65.48
28.347,baseline,15.53,64.39,66.36,62.59,14.78,13.64,15.76,2.53,67.15,65.44
28.415,baseline,15.05,66.43,68.65,65.52,14.78,13.64,15.76,2.53,67.16,65.45
28.480,baseline,14.46,69.15,64.23,66.84,14.78,13.64,15.76,2.53,67.07,65.46
28.543,baseline,15.56,64.27,62.99,62.53,14.80,13.64,15.76,2.55,66.98,65.38
28.606,baseline,15.76,63.43,62.93,61.28,14.82,13.64,15.76,2.59,66.86,65.28
28.670,baseline,15.89,62.95,64.02,61.31,14.84,13.64,15.89,2.64,66.82,65.18
28.731,baseline,15.51,64.47,60.58,62.59,14.85,13.64,15.89,2.66,66.74,65.15
28.794,baseline,16.50,60.59,62.88,59.50,14.87,13.64,16.50,2.79,66.70,65.09
28.858,baseline,15.79,63.32,62.92,61.94,14.88,13.64,16.50,2.83,66.66,65.07
28.921,baseline,15.89,62.94,62.92,61.98,14.89,13.64,16.50,2.88,66.60,65.04
28.983,baseline,15.78,63.36,61.78,61.64,14.91,13.64,16.50,2.92,66.53,64.98
29.041,baseline,16.18,61.80,58.29,61.09,14.93,13.64,16.50,2.99,66.39,64.93
29.101,baseline,17.04,58.70,59.43,57.28,14.96,13.64,17.04,3.17,66.28,64.81
29.162,baseline,16.82,59.44,60.63,58.59,14.98,13.64,17.04,3.31,66.13,64.72
29.216,baseline,16.38,61.04,53.72,59.08,15.02,13.64,17.04,3.35,65.92,64.58
29.270,baseline,18.61,53.73,53.80,52.90,15.07,13.64,18.61,3.73,65.73,64.38
29.317,baseline,18.46,54.18,46.88,51.92,15.11,13.64,18.61,4.04,65.43,64.19
29.367,baseline,21.33,46.89,50.40,45.92,15.18,13.64,21.33,4.74,65.18,63.90
29.418,baseline,19.71,50.74,50.39,49.10,15.24,13.64,21.33,5.12,64.87,63.65
29.467,baseline,19.84,50.40,49.24,48.50,15.31,13.64,21.33,5.45,64.60,63.33
29.517,baseline,20.16,49.59,49.19,47.06,15.38,13.64,21.33,5.81,64.28,63.05
29.567,baseline,20.33,49.20,50.32,48.41,15.45,13.64,21.33,6.13,63.96,62.73
29.614,baseline,19.74,50.66,46.99,49.15,15.53,13.64,21.33,6.34,63.54,62.41
29.661,baseline,21.27,47.01,46.87,45.54,15.63,13.64,21.33,6.64,63.16,62.00
29.710,baseline,21.18,47.22,48.10,45.43,15.73,13.64,21.33,6.92,62.80,61.62
29.754,baseline,20.78,48.12,44.59,46.44,15.82,13.64,21.33,7.15,62.36,61.26
29.802,baseline,22.26,44.93,46.92,42.98,15.93,13.64,22.26,7.42,61.96,60.82
29.849,baseline,21.31,46.93,46.95,45.58,16.04,13.64,22.26,7.62,61.55,60.43
29.895,baseline,21.15,47.28,45.80,44.79,16.15,13.64,22.26,7.74,61.20,60.02
29.939,baseline,21.83,45.82,44.62,44.04,16.24,13.64,22.26,7.98,60.80,59.67
29.984,baseline,22.25,44.94,44.63,43.58,16.35,13.64,22.26,8.19,60.38,59.27
30.028,baseline,22.40,44.64,43.39,43.24,16.46,13.64,22.40,8.37,59.90,58.86
30.074,baseline,22.88,43.71,45.78,42.17,16.60,14.09,22.88,8.49,59.55,58.39
30.120,baseline,21.84,45.79,45.70,44.52,16.69,14.09,22.88,8.65,59.15,58.05
30.166,baseline,21.72,46.03,45.82,44.27,16.81,14.24,22.88,8.71,58.84,57.66
30.213,baseline,21.82,45.84,46.95,44.79,16.90,14.24,22.88,8.85,58.47,57.37
30.260,baseline,21.15,47.28,46.79,45.41,17.01,14.26,22.88,8.86,58.20,57.02
30.309,baseline,21.36,46.81,49.09,45.62,17.09,14.26,22.88,8.97,57.88,56.75
30.360,baseline,20.23,49.44,50.35,47.93,17.18,14.26,22.88,8.93,57.65,56.44
30.409,baseline,19.85,50.38,49.14,48.71,17.25,14.26,22.88,8.95,57.41,56.22
30.458,baseline,20.20,49.50,49.18,48.02,17.33,14.26,22.88,8.98,57.10,55.99
30.509,baseline,20.33,49.19,50.28,48.29,17.42,14.26,22.88,8.94,56.85,55.70
30.559,baseline,19.75,50.63,50.24,49.13,17.51,14.26,22.88,8.89,56.61,55.46
30.609,baseline,19.90,50.26,50.28,49.11,17.58,14.26,22.88,8.88,56.32,55.23
30.655,baseline,19.75,50.64,44.69,49.28,17.67,14.26,22.88,8.77,55.97,54.95
30.704,baseline,22.37,44.70,49.26,43.34,17.78,14.26,22.88,8.83,55.64,54.61
30.746,baseline,20.16,49.60,42.31,47.14,17.89,14.26,22.88,8.68,55.25,54.28
30.792,baseline,23.63,42.33,45.70,41.24,18.02,14.26,23.63,8.76,54.94,53.91
30.841,baseline,21.73,46.02,48.08,44.84,18.12,14.26,23.63,8.74,54.67,53.62
30.889,baseline,20.79,48.09,48.05,46.85,18.21,14.26,23.63,8.71,54.35,53.36
30.937,baseline,20.67,48.39,47.95,46.31,18.33,14.26,23.63,8.55,54.06,53.03
30.984,baseline,20.85,47.96,46.85,47.03,18.42,14.26,23.63,8.48,53.69,52.75
31.032,baseline,21.19,47.18,47.99,45.78,18.55,14.46,23.63,8.27,53.42,52.39
31.081,baseline,20.83,48.00,49.26,46.99,18.65,14.46,23.63,8.20,53.10,52.12
31.129,baseline,20.16,49.60,46.95,47.57,18.76,14.46,23.63,7.97,52.82,51.80
31.174,baseline,21.29,46.96,45.73,45.05,18.86,14.46,23.63,7.88,52.44,51.50
31.222,baseline,21.71,46.06,46.87,44.69,19.00,14.46,23.63,7.66,52.16,51.13
31.270,baseline,21.33,46.88,48.01,46.10,19.10,14.46,23.63,7.56,51.85,50.86
31.318,baseline,20.69,48.33,47.99,46.85,19.22,14.46,23.63,7.30,51.51,50.54
31.367,baseline,20.83,48.00,49.23,47.19,19.34,14.46,23.63,7.01,51.27,50.21
31.413,baseline,20.18,49.57,45.67,47.52,19.43,14.46,23.63,6.81,50.92,49.96
31.460,baseline,21.89,45.69,46.83,44.71,19.57,14.46,23.63,6.57,50.56,49.61
31.508,baseline,21.20,47.17,48.11,45.91,19.71,15.51,23.63,6.15,50.29,49.26
31.557,baseline,20.78,48.12,48.07,46.75,19.81,15.51,23.63,5.90,50.04,49.00
31.604,baseline,20.66,48.41,46.85,46.01,19.91,15.51,23.63,5.66,49.77,48.74
31.652,baseline,21.34,46.86,47.97,46.00,20.02,15.51,23.63,5.43,49.50,48.49
31.700,baseline,20.71,48.29,47.95,46.79,20.13,15.78,23.63,5.09,49.29,48.23
31.749,baseline,20.85,47.97,49.20,47.14,20.21,15.78,23.63,4.89,49.07,48.02
31.795,baseline,20.19,49.54,45.77,47.43,20.31,15.78,23.63,4.55,48.78,47.78
31.842,baseline,21.84,45.78,46.84,44.44,20.42,15.78,23.63,4.21,48.51,47.49
31.891,baseline,21.20,47.16,48.04,45.69,20.54,16.18,23.63,3.77,48.28,47.22
31.937,baseline,20.81,48.06,46.88,46.68,20.63,16.38,23.63,3.36,48.09,46.98
31.986,baseline,21.18,47.22,48.03,45.93,20.72,16.38,23.63,3.09,47.90,46.79
32.030,baseline,20.81,48.04,44.54,46.80,20.80,16.38,23.63,2.73,47.63,46.59
32.075,baseline,22.29,44.86,44.62,43.41,20.92,18.46,23.63,2.18,47.48,46.33
32.121,baseline,22.40,44.64,45.67,42.95,20.98,18.46,23.63,2.07,47.35,46.17
32.168,baseline,21.74,45.99,46.82,44.38,21.04,19.71,23.63,1.90,47.35,46.04
32.216,baseline,21.35,46.83,48.10,45.83,21.04,19.71,23.63,1.90,47.31,46.04
32.262,baseline,20.65,48.43,45.74,46.20,21.06,19.74,23.63,1.86,47.23,45.99
32.306,baseline,21.86,45.75,43.48,43.89,21.09,19.74,23.63,1.83,47.13,45.92
32.352,baseline,22.84,43.79,45.68,41.40,21.14,19.74,23.63,1.87,47.08,45.82
32.400,baseline,21.89,45.69,48.10,44.45,21.16,19.74,23.63,1.86,47.04,45.75
32.442,baseline,20.65,48.42,42.28,46.33,21.18,19.75,23.63,1.82,46.96,45.71
32.486,baseline,23.65,42.29,43.53,41.19,21.22,19.75,23.65,1.92,46.91,45.64
32.529,baseline,22.82,43.83,42.39,41.65,21.24,19.75,23.65,1.97,46.81,45.57
32.572,baseline,23.58,42.41,43.51,40.54,21.28,19.75,23.65,2.05,46.79,45.47
32.616,baseline,22.82,43.81,43.57,41.80,21.29,19.75,23.65,2.08,46.74,45.45
32.660,baseline,22.94,43.58,43.42,41.82,21.32,19.75,23.65,2.12,46.68,45.39
32.706,baseline,22.87,43.73,45.76,42.32,21.35,19.75,23.65,2.16,46.68,45.35
32.752,baseline,21.85,45.78,46.86,44.34,21.35,19.75,23.65,2.16,46.71,45.36
32.801,baseline,21.19,47.19,47.95,45.86,21.33,19.75,23.65,2.15,46.77,45.39
32.850,baseline,20.85,47.96,49.27,46.70,21.30,19.75,23.65,2.13,46.87,45.45
32.896,baseline,20.16,49.61,45.76,47.83,21.26,19.75,23.65,2.11,46.87,45.55
32.944,baseline,21.85,45.77,48.03,44.73,21.26,19.75,23.65,2.11,46.91,45.55
32.994,baseline,20.67,48.37,49.24,46.92,21.24,19.75,23.65,2.12,46.96,45.59
33.043,baseline,20.30,49.26,49.26,47.95,21.22,19.75,23.65,2.13,47.00,45.65
33.091,baseline,20.16,49.61,48.05,47.11,21.20,19.75,23.65,2.15,47.02,45.67
33.140,baseline,20.81,48.06,48.07,46.58,21.19,19.75,23.65,2.15,47.01,45.69
33.186,baseline,20.66,48.41,45.79,46.95,21.20,19.75,23.65,2.14,46.93,45.67
33.233,baseline,21.83,45.80,46.88,45.09,21.23,19.75,23.65,2.11,46.89,45.61
33.279,baseline,21.19,47.20,45.86,46.13,21.25,19.75,23.65,2.08,46.84,45.58
33.329,baseline,21.79,45.90,50.40,44.87,21.27,19.75,23.65,2.07,46.84,45.53
33.378,baseline,19.69,50.79,48.16,48.40,21.27,19.69,23.65,2.07,46.80,45.51
33.429,baseline,20.74,48.22,51.55,47.23,21.29,19.69,23.65,2.04,46.82,45.48
33.479,baseline,19.27,51.91,49.17,49.97,21.28,19.27,23.65,2.08,46.90,45.49
33.530,baseline,20.33,49.19,51.46,48.00,21.24,19.27,23.65,2.08,46.94,45.57
33.580,baseline,19.28,51.85,49.37,49.55,21.23,19.27,23.65,2.14,47.05,45.61
33.628,baseline,20.24,49.41,48.12,47.69,21.17,19.27,23.65,2.07,47.09,45.72
33.679,baseline,20.63,48.47,50.43,47.38,21.16,19.27,23.65,2.07,47.13,45.76
33.725,baseline,19.82,50.45,45.81,49.70,21.14,19.27,23.65,2.11,47.10,45.81
33.769,baseline,21.67,46.15,43.49,44.31,21.15,19.27,23.65,2.11,47.02,45.78
33.815,baseline,22.99,43.50,45.84,42.47,21.19,19.27,23.65,2.16,47.00,45.70
33.856,baseline,21.67,46.16,41.17,44.46,21.20,19.27,23.65,2.16,46.89,45.68
33.898,baseline,24.28,41.19,42.32,40.01,21.25,19.27,24.28,2.29,46.78,45.56
33.941,baseline,23.47,42.61,42.46,41.08,21.30,19.27,24.28,2.34,46.70,45.45
33.985,baseline,23.54,42.48,43.56,41.21,21.33,19.27,24.28,2.41,46.66,45.39
34.027,baseline,22.80,43.87,42.34,41.59,21.35,19.27,24.28,2.44,46.59,45.34
34.071,baseline,23.61,42.36,43.58,41.14,21.38,19.27,24.28,2.50,46.51,45.25
34.115,baseline,22.79,43.88,43.51,42.03,21.42,19.27,24.28,2.52,46.44,45.17
34.157,baseline,22.97,43.53,42.42,42.11,21.45,19.27,24.28,2.55,46.33,45.09
34.200,baseline,23.41,42.72,42.36,40.15,21.51,19.27,24.28,2.57,46.27,44.97
34.241,baseline,23.60,42.38,41.24,41.05,21.53,19.27,24.28,2.62,46.18,44.91
34.284,baseline,24.07,41.54,42.44,39.05,21.57,19.27,24.28,2.69,46.08,44.79
34.324,baseline,23.55,42.46,40.05,40.55,21.62,19.27,24.28,2.72,45.95,44.69
34.368,baseline,24.79,40.34,43.44,39.03,21.68,19.27,24.79,2.81,45.89,44.57
34.419,baseline,23.01,43.46,51.50,42.65,21.71,19.27,24.79,2.83,45.95,44.52
34.464,baseline,19.29,51.83,44.57,50.17,21.68,19.27,24.79,2.91,45.90,44.57
34.517,baseline,22.43,44.58,52.54,43.40,21.71,19.27,24.79,2.91,45.95,44.51
34.573,baseline,18.91,52.89,55.99,51.49,21.68,18.91,24.79,3.01,46.12,44.58
34.631,baseline,17.86,56.01,58.23,54.85,21.60,17.86,24.79,3.26,46.31,44.75
34.691,baseline,17.06,58.62,59.44,57.22,21.51,17.06,24.79,3.62,46.50,44.94
34.749,baseline,16.82,59.46,58.29,58.54,21.42,16.82,24.79,3.98,46.69,45.14
34.803,baseline,17.04,58.69,53.75,56.79,21.34,16.82,24.79,4.27,46.79,45.32
34.863,baseline,18.60,53.76,59.39,52.05,21.29,16.82,24.79,4.36,47.03,45.41
34.924,baseline,16.73,59.79,60.56,57.91,21.18,16.73,24.79,4.64,47.30,45.65
34.987,baseline,16.51,60.58,62.90,59.59,21.06,16.51,24.79,4.94,47.59,45.93
35.051,baseline,15.79,63.33,64.01,61.40,20.94,15.79,24.79,5.33,47.87,46.21
35.107,baseline,15.62,64.03,56.06,62.00,20.81,15.62,24.79,5.72,48.01,46.48
35.169,baseline,17.71,56.48,61.74,54.99,20.75,15.62,24.79,5.82,48.27,46.63
35.228,baseline,16.19,61.76,58.36,60.17,20.64,15.62,24.79,6.07,48.52,46.90
35.288,baseline,17.01,58.77,59.51,56.52,20.53,15.62,24.79,6.18,48.75,47.15
35.351,baseline,16.80,59.52,62.91,57.88,20.44,15.62,24.79,6.32,49.00,47.37
35.408,baseline,15.79,63.33,57.19,60.83,20.33,15.62,24.79,6.58,49.25,47.62
35.460,baseline,17.48,57.22,51.43,55.75,20.23,15.62,24.79,6.60,49.38,47.86
35.508,baseline,19.30,51.82,48.14,49.61,20.18,15.62,24.79,6.56,49.48,47.99
35.558,baseline,20.75,48.19,49.28,47.20,20.14,15.62,24.79,6.50,49.57,48.10
35.607,baseline,20.14,49.66,49.11,48.25,20.10,15.62,24.79,6.45,49.66,48.21
35.657,baseline,20.35,49.13,50.40,48.22,20.06,15.62,24.79,6.41,49.78,48.32
35.711,baseline,19.70,50.75,52.69,48.54,20.01,15.62,24.79,6.36,49.90,48.42
35.762,baseline,18.97,52.71,51.41,50.76,19.97,15.62,24.79,6.34,49.97,48.53
35.815,baseline,19.31,51.78,52.49,50.06,19.94,15.62,24.79,6.33,50.05,48.60
35.866,baseline,19.05,52.51,51.41,51.56,19.91,15.62,24.79,6.34,50.08,48.68
35.918,baseline,19.32,51.77,51.45,50.28,19.89,15.62,24.79,6.34,50.18,48.72
35.966,baseline,19.43,51.47,48.04,49.98,19.86,15.62,24.79,6.31,50.18,48.81
36.017,baseline,20.66,48.40,50.45,46.62,19.85,15.62,24.79,6.31,50.20,48.80
36.065,baseline,19.79,50.52,48.16,48.84,19.85,15.62,24.79,6.31,50.18,48.82
36.112,baseline,20.62,48.51,46.92,46.02,19.85,15.62,24.79,6.31,50.16,48.80
36.163,baseline,21.31,46.93,50.37,45.65,19.86,15.62,24.79,6.32,50.20,48.78
36.212,baseline,19.71,50.73,49.16,48.57,19.85,15.62,24.79,6.32,50.26,48.81
36.262,baseline,20.33,49.18,49.27,47.29,19.82,15.62,24.79,6.29,50.29,48.85
36.313,baseline,20.15,49.62,51.45,47.33,19.81,15.62,24.79,6.28,50.39,48.87
36.366,baseline,19.43,51.47,52.55,50.10,19.77,15.62,24.79,6.25,50.42,48.95
36.422,baseline,18.90,52.91,56.15,51.59,19.76,15.62,24.79,6.26,50.56,49.01
36.476,baseline,17.80,56.16,53.82,54.60,19.71,15.62,24.79,6.29,50.59,49.13
36.533,baseline,18.44,54.22,56.02,52.46,19.69,15.62,24.79,6.30,50.71,49.17
36.598,baseline,17.85,56.03,65.23,54.94,19.65,15.62,24.79,6.34,50.94,49.29
36.657,baseline,15.23,65.64,58.39,63.43,19.56,15.23,24.79,6.61,51.09,49.52
36.715,baseline,17.12,58.40,58.40,56.61,19.50,15.23,24.79,6.67,51.26,49.67
36.774,baseline,17.01,58.80,58.33,56.21,19.44,15.23,24.79,6.73,51.39,49.81
36.835,baseline,17.14,58.34,60.58,56.49,19.39,15.23,24.79,6.79,51.64,49.93
36.892,baseline,16.39,60.99,57.11,59.40,19.29,15.23,24.79,6.85,51.86,50.18
36.949,baseline,17.50,57.13,57.15,55.95,19.21,15.23,24.79,6.80,52.05,50.40
37.002,baseline,17.37,57.55,52.57,55.25,19.14,15.23,24.79,6.79,52.24,50.58
37.058,baseline,19.02,52.59,56.02,51.68,19.07,15.23,24.79,6.64,52.47,50.78
37.116,baseline,17.73,56.39,57.21,54.63,18.99,15.23,24.79,6.53,52.72,51.00
37.173,baseline,17.48,57.22,57.24,55.82,18.90,15.23,24.79,6.42,52.95,51.25
37.241,baseline,17.35,57.63,67.41,55.72,18.82,15.23,24.79,6.34,53.36,51.48
37.311,baseline,14.83,67.43,69.73,66.54,18.67,14.83,24.79,6.44,53.80,51.91
37.385,baseline,14.25,70.19,74.28,68.02,18.52,14.25,24.79,6.66,54.31,52.34
37.444,baseline,13.46,74.30,58.31,72.65,18.35,13.46,24.79,7.01,54.58,52.85
37.512,baseline,17.02,58.77,67.51,56.91,18.26,13.46,24.79,6.86,55.00,53.13
37.582,baseline,14.81,67.53,70.81,65.97,18.12,13.46,24.79,6.85,55.49,53.54
37.657,baseline,14.03,71.29,74.25,69.38,17.96,13.46,24.79,6.92,56.02,54.05
37.734,baseline,13.47,74.26,76.56,73.31,17.79,13.46,24.79,7.10,56.63,54.59
37.812,baseline,12.97,77.09,77.76,75.55,17.59,12.97,23.01,7.29,57.20,55.20
37.887,baseline,12.86,77.78,75.35,76.41,17.42,12.86,22.43,7.56,57.60,55.77
37.964,baseline,13.18,75.89,76.50,73.61,17.30,12.86,22.43,7.89,58.13,56.16
38.041,baseline,13.07,76.51,76.56,75.61,17.14,12.86,21.31,8.05,58.53,56.69
38.118,baseline,12.97,77.10,76.49,75.13,17.02,12.86,21.31,8.37,58.87,57.09
38.184,baseline,13.07,76.50,66.33,75.75,16.92,12.86,21.31,8.66,59.01,57.44
38.243,baseline,14.97,66.82,58.36,64.45,16.89,12.86,21.31,8.72,58.99,57.56
38.303,baseline,17.13,58.37,59.40,56.51,16.89,12.86,21.31,8.72,59.01,57.52
38.366,baseline,16.72,59.81,62.82,58.14,16.89,12.86,21.31,8.72,59.16,57.54
38.427,baseline,15.91,62.84,60.67,61.74,16.84,12.86,21.31,8.70,59.18,57.71
38.489,baseline,16.37,61.10,61.74,59.34,16.84,12.86,21.31,8.70,59.20,57.73
38.560,baseline,16.19,61.76,70.90,61.09,16.83,12.86,21.31,8.71,59.33,57.75
38.631,baseline,14.01,71.36,70.88,68.97,16.79,12.86,21.31,8.83,59.45,57.88
38.700,baseline,14.11,70.89,68.54,69.46,16.76,12.86,21.31,8.93,59.65,58.01
38.771,baseline,14.49,69.03,70.89,66.97,16.70,12.86,21.31,9.00,59.81,58.21
38.844,baseline,14.10,70.91,73.08,69.57,16.66,12.86,21.31,9.11,60.05,58.36
38.917,baseline,13.59,73.58,71.95,71.44,16.59,12.86,21.31,9.27,60.26,58.61
38.985,baseline,13.90,71.96,68.61,71.24,16.53,12.86,21.31,9.39,60.35,58.83
39.051,baseline,14.48,69.08,65.12,66.71,16.51,12.86,21.31,9.45,60.49,58.93
39.117,baseline,15.35,65.14,66.35,64.36,16.47,12.86,21.31,9.45,60.74,59.07
39.178,baseline,14.97,66.80,60.57,64.50,16.40,12.86,21.31,9.41,60.94,59.32
39.246,baseline,16.50,60.59,67.44,59.76,16.35,12.86,21.31,9.26,61.25,59.53
39.308,baseline,14.73,67.89,61.80,66.33,16.27,12.86,21.31,9.18,61.46,59.83
39.371,baseline,16.18,61.82,62.89,59.97,16.21,12.86,21.31,9.04,61.67,60.03
39.432,baseline,15.79,63.33,60.60,61.82,16.16,12.86,21.31,8.93,61.80,60.25
39.495,baseline,16.50,60.62,62.82,59.19,16.12,12.86,21.31,8.85,61.99,60.39
39.559,baseline,15.81,63.26,64.02,61.39,16.07,12.86,21.31,8.75,62.18,60.58
39.625,baseline,15.62,64.04,66.21,62.59,16.02,12.86,21.31,8.66,62.43,60.76
39.693,baseline,15.00,66.66,67.36,64.63,15.96,12.86,21.31,8.57,62.69,61.00
39.754,baseline,14.84,67.37,60.53,66.53,15.89,12.86,21.31,8.46,62.90,61.28
39.820,baseline,16.40,60.98,66.33,59.39,15.84,12.86,21.31,8.25,63.16,61.49
39.889,baseline,15.07,66.35,68.60,64.91,15.78,12.86,21.31,8.10,63.50,61.76
39.958,baseline,14.48,69.07,68.60,66.48,15.69,12.86,21.31,7.89,63.87,62.10
40.027,baseline,14.57,68.62,68.60,67.00,15.60,12.86,20.33,7.61,64.17,62.46
40.093,baseline,14.48,69.08,66.19,66.39,15.53,12.86,20.33,7.43,64.45,62.75
40.162,baseline,15.10,66.21,68.54,65.24,15.46,12.86,20.15,7.16,64.78,63.05
40.224,baseline,14.49,68.99,61.68,66.97,15.38,12.86,19.43,6.91,64.95,63.38
40.286,baseline,16.21,61.69,61.68,60.68,15.34,12.86,19.02,6.69,65.10,63.56
40.353,baseline,16.10,62.12,66.35,60.68,15.31,12.86,19.02,6.51,65.27,63.71
40.407,baseline,15.07,66.36,54.86,64.68,15.27,12.86,19.02,6.41,65.28,63.88
40.466,baseline,18.09,55.29,58.34,53.73,15.26,12.86,19.02,6.38,65.32,63.90
40.520,baseline,17.14,58.35,53.74,56.67,15.25,12.86,19.02,6.32,65.13,63.93
40.576,baseline,18.47,54.13,56.02,52.01,15.30,12.86,19.02,6.49,65.09,63.74
40.637,baseline,17.85,56.03,60.62,54.27,15.31,12.86,19.02,6.54,65.13,63.70
40.701,baseline,16.39,61.02,64.04,58.68,15.30,12.86,19.02,6.51,65.22,63.74
40.763,baseline,15.61,64.05,61.72,62.59,15.28,12.86,19.02,6.45,65.24,63.84
40.826,baseline,16.09,62.15,62.85,59.50,15.27,12.86,19.02,6.44,65.34,63.84
40.888,baseline,15.91,62.86,61.70,60.91,15.25,12.86,19.02,6.35,65.42,63.92
40.947,baseline,16.10,62.13,58.22,59.50,15.23,12.86,19.02,6.28,65.51,63.99
41.008,baseline,17.17,58.23,61.66,57.35,15.21,12.86,18.47,6.13,65.60,64.09
41.071,baseline,16.11,62.09,61.69,60.48,15.19,12.86,18.47,6.03,65.68,64.19
41.130,baseline,16.21,61.71,59.46,60.64,15.17,12.86,18.47,5.95,65.72,64.27
41.197,baseline,16.70,59.88,66.21,58.59,15.16,12.86,18.47,5.90,65.70,64.31
41.265,baseline,15.10,66.23,68.60,65.04,15.17,12.86,18.47,5.90,65.68,64.29
41.331,baseline,14.48,69.06,65.14,66.69,15.17,12.86,18.47,5.89,65.52,64.27
41.395,baseline,15.35,65.16,64.05,63.40,15.21,12.86,18.47,5.78,65.62,64.11
41.453,baseline,15.50,64.51,57.14,62.51,15.18,12.86,18.47,5.71,65.45,64.21
41.520,baseline,17.50,57.15,67.43,56.25,15.22,12.86,18.47,5.82,65.39,64.04
41.580,baseline,14.74,67.86,59.41,65.88,15.24,12.86,18.47,5.78,65.14,63.99
41.644,baseline,16.83,59.42,63.97,58.50,15.30,12.86,18.47,5.72,64.93,63.74
41.712,baseline,15.53,64.40,67.42,62.62,15.35,12.86,18.47,5.51,64.76,63.52
41.778,baseline,14.83,67.44,66.22,66.67,15.39,12.97,18.47,5.27,64.61,63.36
41.848,baseline,15.00,66.67,69.64,65.10,15.42,12.97,18.47,5.09,64.49,63.22
41.915,baseline,14.36,69.66,67.35,68.60,15.45,12.97,18.47,4.90,64.34,63.10
41.987,baseline,14.74,67.84,70.83,66.19,15.49,13.07,18.47,4.64,64.25,62.95
42.052,baseline,14.12,70.84,65.08,69.32,15.51,13.59,18.47,4.45,64.23,62.85
42.123,baseline,15.25,65.56,70.93,63.86,15.51,13.59,18.47,4.44,64.44,62.84
42.196,baseline,14.10,70.95,73.05,69.40,15.46,13.59,18.47,4.45,64.66,63.05
42.269,baseline,13.59,73.56,71.93,71.77,15.41,13.59,18.47,4.55,64.82,63.28
42.343,baseline,13.90,71.95,74.29,71.11,15.37,13.59,18.47,4.63,65.04,63.43
42.411,baseline,13.37,74.78,67.50,72.54,15.32,13.37,18.47,4.76,65.14,63.65
42.468,baseline,14.81,67.51,57.23,66.01,15.30,13.37,18.47,4.75,64.91,63.74
42.525,baseline,17.34,57.66,56.06,55.51,15.35,13.37,18.47,4.78,64.66,63.51
42.586,baseline,17.83,56.07,61.68,54.15,15.41,13.37,18.47,4.86,64.55,63.26
42.655,baseline,16.10,62.10,68.64,60.17,15.44,13.37,18.47,4.84,64.51,63.14
42.724,baseline,14.57,68.65,68.62,66.85,15.45,13.37,18.47,4.81,64.44,63.10
42.798,baseline,14.47,69.09,73.15,66.77,15.46,13.37,18.47,4.70,64.46,63.02
42.863,baseline,13.67,73.16,65.16,71.74,15.46,13.37,18.47,4.73,64.40,63.03
42.930,baseline,15.24,65.62,66.33,63.49,15.47,13.37,18.47,4.70,64.42,62.97
42.996,baseline,15.07,66.34,66.33,64.54,15.47,13.37,18.47,4.71,64.42,62.98
43.069,baseline,14.97,66.79,72.09,64.74,15.47,13.37,18.47,4.71,64.61,62.98
43.129,baseline,13.87,72.11,60.55,70.34,15.42,13.37,18.47,4.77,64.50,63.16
43.191,baseline,16.39,61.01,61.69,59.29,15.45,13.37,18.47,4.78,64.49,63.04
43.263,baseline,16.21,61.71,71.89,61.00,15.45,13.37,18.47,4.78,64.64,63.06
43.339,baseline,13.82,72.34,75.41,70.89,15.41,13.37,18.47,4.87,64.89,63.21
43.412,baseline,13.26,75.42,73.10,73.88,15.36,13.26,18.47,5.03,65.06,63.45
43.479,baseline,13.59,73.60,66.21,71.33,15.32,13.26,18.47,5.13,65.10,63.62
43.546,baseline,15.10,66.22,67.37,65.46,15.31,13.26,18.47,5.13,65.12,63.67
43.618,baseline,14.74,67.83,70.76,66.58,15.30,13.26,18.47,5.14,65.17,63.70
43.691,baseline,14.13,70.77,73.13,70.06,15.29,13.26,18.47,5.18,65.38,63.76
43.769,baseline,13.58,73.62,77.75,71.44,15.24,13.26,18.47,5.25,65.58,63.96
43.835,baseline,12.86,77.76,66.31,76.46,15.20,12.86,18.47,5.48,65.54,64.15
43.900,baseline,14.97,66.80,63.97,64.49,15.20,12.86,18.47,5.46,65.46,64.12
43.967,baseline,15.63,63.98,67.46,62.81,15.22,12.86,18.47,5.46,65.44,64.05
44.038,baseline,14.73,67.91,70.79,65.86,15.23,12.86,18.47,5.45,65.52,64.04
44.117,baseline,14.12,70.80,78.82,69.89,15.21,12.86,18.47,5.48,65.69,64.12
44.194,baseline,12.61,79.33,76.55,77.30,15.17,12.61,18.47,5.74,65.94,64.29
44.274,baseline,13.06,76.56,79.88,74.87,15.11,12.61,18.47,5.87,66.24,64.53
44.358,baseline,12.43,80.44,83.39,78.41,15.04,12.43,18.47,6.12,66.52,64.82
44.443,baseline,11.99,83.40,84.59,81.88,14.98,11.99,18.47,6.50,67.02,65.11
44.522,baseline,11.74,85.16,78.83,82.20,14.87,11.74,18.47,6.74,67.36,65.58
44.606,baseline,12.68,78.85,83.45,78.11,14.79,11.74,18.47,6.80,67.86,65.94
44.692,baseline,11.90,84.01,85.60,81.49,14.69,11.74,17.85,6.89,68.35,66.43
44.779,baseline,11.68,85.61,86.76,84.24,14.58,11.68,17.83,7.06,68.78,66.93
44.858,baseline,11.45,87.34,78.72,84.84,14.49,11.45,17.83,7.39,69.03,67.37
44.943,baseline,12.70,78.73,85.61,77.84,14.44,11.45,17.83,7.46,69.43,67.62
45.030,baseline,11.60,86.19,85.55,84.20,14.35,11.45,17.83,7.71,69.81,68.03
45.116,baseline,11.69,85.57,86.71,84.85,14.28,11.45,17.83,7.92,70.22,68.43
45.187,baseline,11.46,87.29,69.65,84.78,14.19,11.45,17.83,8.15,70.41,68.85
45.260,baseline,14.35,69.67,73.09,68.60,14.15,11.45,17.83,8.00,70.60,69.04
45.340,baseline,13.59,73.59,79.91,71.67,14.11,11.45,17.83,7.93,70.91,69.23
45.419,baseline,12.51,79.92,78.80,79.25,14.05,11.45,17.83,7.92,71.23,69.54
45.481,baseline,12.60,79.35,61.69,76.99,13.99,11.45,17.83,7.85,71.15,69.84
45.544,baseline,16.20,61.71,62.83,60.47,14.00,11.45,17.83,7.92,71.06,69.77
45.615,baseline,15.81,63.25,70.87,61.60,14.02,11.45,17.83,7.98,71.15,69.68
45.681,baseline,14.11,70.89,66.17,69.57,14.00,11.45,17.83,7.94,71.19,69.79
45.748,baseline,15.01,66.64,66.34,64.54,14.00,11.45,17.83,7.92,71.34,69.82
45.815,baseline,15.07,66.36,66.26,64.71,13.97,11.45,17.83,7.72,71.32,69.96
45.888,baseline,14.98,66.74,72.90,65.04,13.97,11.45,17.83,7.73,71.55,69.95
45.967,baseline,13.72,72.91,78.79,71.69,13.93,11.45,17.83,7.57,71.79,70.17
46.040,baseline,12.61,79.31,73.16,77.15,13.88,11.45,17.83,7.57,71.89,70.41
46.112,baseline,13.67,73.18,71.98,71.24,13.86,11.45,17.83,7.55,71.99,70.49
46.184,baseline,13.80,72.48,70.88,69.77,13.84,11.45,17.83,7.51,72.01,70.56
46.247,baseline,14.11,70.89,62.85,69.24,13.84,11.45,17.83,7.51,71.93,70.57
46.325,baseline,15.79,63.33,77.73,61.62,13.85,11.45,17.83,7.57,72.05,70.50
46.409,baseline,12.86,77.75,84.48,76.03,13.83,11.45,17.83,7.61,72.37,70.61
46.489,baseline,11.76,85.03,78.88,82.23,13.77,11.45,17.83,7.73,72.50,70.92
46.561,baseline,12.67,78.90,72.03,77.37,13.74,11.45,17.83,7.76,72.49,71.05
46.630,baseline,13.78,72.54,68.61,70.10,13.75,11.45,17.83,7.76,72.43,71.02
46.709,baseline,14.57,68.63,78.82,67.54,13.76,11.45,17.83,7.78,72.51,70.96
46.799,baseline,12.60,79.34,90.15,77.83,13.74,11.45,17.83,7.82,72.88,71.05
46.894,baseline,11.09,90.17,94.74,89.13,13.67,11.09,17.83,8.10,73.51,71.43
46.987,baseline,10.48,95.40,92.51,93.48,13.56,10.48,17.83,8.34,74.12,72.07
47.059,baseline,10.81,92.52,71.97,90.85,13.45,10.48,16.39,8.35,74.29,72.68
47.135,baseline,13.79,72.53,75.32,70.16,13.41,10.48,16.39,8.20,74.40,72.85
47.231,baseline,13.27,75.35,95.83,74.35,13.39,10.48,16.39,8.17,74.85,72.97
47.320,baseline,10.37,96.40,88.00,94.08,13.31,10.37,16.39,8.59,75.10,73.43
47.392,baseline,11.36,88.02,72.00,86.36,13.27,10.37,16.39,8.75,75.21,73.67
47.465,baseline,13.78,72.58,73.13,70.92,13.25,10.37,16.39,8.66,75.33,73.79
47.540,baseline,13.67,73.15,74.25,72.36,13.23,10.37,16.39,8.59,75.46,73.92
47.630,baseline,13.37,74.77,90.30,73.06,13.21,10.37,16.39,8.51,75.76,74.06
47.731,baseline,11.07,90.31,100.47,88.75,13.15,10.37,16.39,8.70,76.43,74.37
47.822,baseline,9.89,101.11,90.21,98.33,13.04,9.89,16.21,9.05,76.90,75.02
47.918,baseline,11.08,90.22,95.85,89.48,12.96,9.89,16.20,9.00,77.30,75.49
48.018,baseline,10.36,96.49,99.34,94.61,12.89,9.89,16.20,9.31,77.70,75.89
48.114,baseline,10.06,99.36,95.97,98.72,12.82,9.89,16.20,9.71,78.08,76.30
48.195,baseline,10.35,96.62,81.05,94.19,12.76,9.89,16.20,9.98,78.33,76.69
48.278,baseline,12.34,81.07,82.25,80.10,12.72,9.89,16.20,9.86,78.58,76.93
48.372,baseline,12.07,82.84,93.67,81.16,12.68,9.89,16.20,9.78,78.96,77.17
48.458,baseline,10.67,93.68,85.67,91.99,12.62,9.89,16.20,9.90,79.17,77.54
48.551,baseline,11.59,86.27,92.40,83.77,12.59,9.89,16.20,9.91,79.41,77.74
48.658,baseline,10.82,92.41,107.23,91.58,12.55,9.89,16.20,10.05,80.10,78.00
48.762,baseline,9.27,107.92,103.93,105.83,12.44,9.27,16.20,10.54,80.76,78.68
48.847,baseline,9.62,103.94,84.50,102.15,12.34,9.27,16.20,10.74,81.05,79.34
48.938,baseline,11.75,85.13,90.23,82.67,12.30,9.27,16.20,10.61,81.37,79.62
49.042,baseline,11.08,90.24,103.96,89.52,12.25,9.27,16.20,10.58,81.79,79.95
49.133,baseline,9.56,104.62,90.15,102.21,12.18,9.27,16.20,10.98,82.02,80.36
49.221,baseline,11.09,90.16,88.93,89.35,12.15,9.27,16.20,11.00,82.17,80.60
49.316,baseline,11.17,89.54,93.59,87.82,12.13,9.27,16.20,11.04,82.34,80.76
49.402,baseline,10.68,93.60,86.78,92.71,12.10,9.27,16.20,11.13,82.37,80.94
49.478,baseline,11.44,87.38,75.36,85.11,12.10,9.27,16.20,11.14,82.31,80.99
49.570,baseline,13.27,75.37,91.35,74.29,12.11,9.27,16.20,11.17,82.45,80.93
49.680,baseline,10.88,91.92,109.63,90.51,12.09,9.27,16.20,11.23,82.85,81.08
49.775,baseline,9.12,109.65,94.83,108.56,12.03,9.12,16.20,11.75,82.98,81.48
49.866,baseline,10.47,95.53,90.17,93.83,12.01,9.12,16.20,11.84,83.17,81.63
49.962,baseline,11.09,90.18,95.86,89.38,11.98,9.12,16.20,11.86,83.34,81.82
50.066,baseline,10.36,96.52,103.78,94.81,11.96,9.12,16.20,11.97,83.65,82.00
50.162,baseline,9.63,103.81,96.01,102.61,11.91,9.12,16.20,12.25,83.80,82.30
50.253,baseline,10.34,96.70,90.25,94.35,11.89,9.12,16.20,12.35,84.15,82.46
50.336,baseline,11.08,90.26,83.35,89.00,11.84,9.12,16.20,12.23,84.32,82.80
50.425,baseline,11.91,83.97,87.97,82.48,11.82,9.12,16.20,12.15,84.45,82.98
50.507,baseline,11.36,87.99,82.14,86.64,11.80,9.12,16.20,12.14,84.51,83.10
50.593,baseline,12.08,82.75,85.60,80.97,11.79,9.12,16.20,12.12,84.90,83.17
50.681,baseline,11.68,85.63,87.89,84.84,11.74,9.12,15.81,11.74,85.32,83.57
50.773,baseline,11.30,88.52,91.34,86.55,11.68,9.12,15.79,11.39,85.66,83.99
50.869,baseline,10.95,91.36,95.96,90.17,11.63,9.12,15.79,11.25,86.16,84.33
50.965,baseline,10.35,96.59,94.85,94.14,11.57,9.12,15.79,11.05,86.64,84.82
51.068,baseline,10.54,94.87,102.81,92.95,11.50,9.12,15.79,10.78,87.24,85.30
51.161,baseline,9.66,103.51,92.55,101.21,11.42,9.12,15.79,10.66,87.57,85.90
51.253,baseline,10.80,92.56,92.52,90.85,11.38,9.12,15.79,10.51,87.80,86.22
51.345,baseline,10.74,93.14,91.43,90.75,11.35,9.12,15.79,10.47,88.11,86.44
51.437,baseline,10.93,91.45,91.37,89.88,11.31,9.12,15.79,10.29,88.43,86.76
51.539,baseline,10.87,91.98,101.53,89.29,11.27,9.12,15.79,10.09,88.94,87.08
51.648,baseline,9.85,101.54,109.51,100.80,11.20,9.12,15.79,9.95,89.72,87.61
51.748,baseline,9.07,110.25,99.35,108.47,11.11,9.07,14.57,9.72,90.08,88.39
51.847,baseline,10.06,99.36,98.19,98.20,11.06,9.07,14.57,9.66,90.31,88.76
51.952,baseline,10.11,98.87,104.99,97.08,11.03,9.07,14.57,9.69,90.74,89.00
52.053,baseline,9.52,105.01,100.51,104.04,10.98,9.07,14.57,9.74,91.22,89.45
52.145,baseline,9.88,101.21,91.32,98.78,10.92,9.07,14.57,9.53,91.59,89.93
52.237,baseline,10.95,91.33,92.51,90.29,10.88,9.07,13.79,9.05,91.82,90.31
52.326,baseline,10.74,93.13,87.97,90.61,10.85,9.07,13.79,8.90,91.79,90.52
52.422,baseline,11.37,87.99,95.95,86.19,10.86,9.07,13.79,8.91,91.81,90.47
52.528,baseline,10.35,96.58,105.06,94.83,10.85,9.07,13.79,8.92,92.01,90.49
52.634,baseline,9.52,105.08,106.26,104.30,10.83,9.07,13.79,9.07,92.59,90.72
52.733,baseline,9.35,106.98,98.14,104.65,10.76,9.07,13.78,8.89,92.97,91.29
52.836,baseline,10.19,98.15,102.79,97.20,10.72,9.07,13.78,8.61,93.08,91.67
52.933,baseline,9.67,103.46,97.01,100.79,10.71,9.07,13.78,8.70,93.23,91.78
53.033,baseline,10.31,97.03,99.40,95.86,10.69,9.07,13.78,8.68,93.69,91.94
53.132,baseline,10.00,100.05,98.27,97.92,10.64,9.07,13.67,8.28,94.11,92.39
53.229,baseline,10.17,98.29,97.04,96.49,10.59,9.07,13.37,7.84,94.49,92.79
53.325,baseline,10.24,97.69,95.93,95.35,10.55,9.07,13.27,7.42,94.58,93.17
53.427,baseline,10.42,95.95,101.67,94.40,10.54,9.07,13.27,7.40,94.60,93.26
53.534,baseline,9.77,102.33,106.12,99.68,10.53,9.07,13.27,7.42,94.87,93.28
53.646,baseline,9.42,106.13,111.93,104.54,10.50,9.07,13.27,7.53,95.14,93.53
53.753,baseline,8.88,112.67,106.15,110.04,10.47,8.88,13.27,7.85,95.25,93.79
53.862,baseline,9.42,106.17,109.52,105.05,10.46,8.88,13.27,7.95,95.47,93.90
53.973,baseline,9.07,110.28,109.64,108.36,10.44,8.88,13.27,8.17,95.95,94.13
54.080,baseline,9.12,109.66,107.34,108.08,10.39,8.88,13.27,8.13,96.37,94.60
54.189,baseline,9.25,108.07,108.49,105.29,10.34,8.88,13.27,8.08,96.62,95.00
54.317,baseline,9.22,108.51,127.76,106.90,10.31,8.88,13.27,8.21,97.32,95.25
54.433,baseline,7.78,128.59,115.35,126.29,10.24,7.78,13.27,9.04,97.70,95.96
54.535,baseline,8.67,115.36,101.57,114.08,10.20,7.78,13.27,9.29,97.61,96.33
54.650,baseline,9.77,102.33,114.12,100.28,10.21,7.78,13.27,9.22,97.78,96.24
54.756,baseline,8.76,114.14,106.23,113.33,10.19,7.78,13.27,9.42,98.14,96.43
54.864,baseline,9.35,106.96,107.34,104.03,10.15,7.78,13.27,9.33,98.42,96.78
54.963,baseline,9.31,107.36,99.29,105.47,10.12,7.78,13.27,9.34,98.35,97.05
55.060,baseline,10.00,99.98,95.88,97.12,10.13,7.78,13.27,9.31,98.44,96.96
55.170,baseline,10.43,95.90,110.73,94.12,10.12,7.78,13.27,9.25,98.80,97.04
55.281,baseline,8.97,111.43,109.68,109.34,10.09,7.78,13.27,9.31,99.07,97.40
55.381,baseline,9.12,109.70,100.51,107.85,10.06,7.78,13.27,9.37,99.30,97.65
55.483,baseline,9.88,101.21,100.56,98.08,10.04,7.78,13.27,9.24,99.72,97.87
55.580,baseline,9.94,100.57,97.14,99.12,9.99,7.78,12.08,8.69,99.82,98.28
55.685,baseline,10.22,97.84,104.94,96.02,9.98,7.78,12.08,8.63,99.74,98.38
55.787,baseline,9.53,104.95,101.51,104.10,9.99,7.78,12.08,8.56,99.85,98.30
55.887,baseline,9.78,102.23,99.22,100.51,9.98,7.78,12.08,8.55,100.00,98.41
55.990,baseline,10.08,99.23,102.68,98.16,9.96,7.78,12.08,8.45,100.12,98.56
56.088,baseline,9.67,103.38,98.17,101.78,9.95,7.78,12.08,8.44,100.02,98.68
56.201,baseline,10.19,98.18,112.90,96.59,9.96,7.78,12.08,8.44,100.30,98.58
56.305,baseline,8.80,113.62,102.73,110.72,9.93,7.78,12.08,8.59,100.51,98.85
56.410,baseline,9.73,102.75,105.09,101.07,9.91,7.78,12.08,8.49,100.87,99.05
56.508,baseline,9.45,105.79,96.99,103.07,9.88,7.78,12.08,8.22,101.02,99.39
56.610,baseline,10.31,97.00,102.74,95.76,9.86,7.78,12.08,8.05,101.37,99.54
56.713,baseline,9.67,103.42,101.60,101.34,9.83,7.78,11.68,7.68,101.63,99.88
56.820,baseline,9.84,101.61,107.24,100.91,9.81,7.78,11.37,7.39,101.96,100.15
56.921,baseline,9.26,107.97,100.44,106.29,9.77,7.78,11.37,7.22,102.11,100.48
57.013,baseline,9.96,100.45,92.39,98.99,9.76,7.78,11.37,7.08,102.05,100.63
57.116,baseline,10.74,93.07,101.52,90.79,9.77,7.78,11.37,7.14,102.16,100.57
57.218,baseline,9.85,101.53,102.74,100.75,9.75,7.78,11.37,7.08,102.16,100.70
57.316,baseline,9.67,103.43,97.04,100.67,9.75,7.78,11.37,7.08,102.23,100.69
57.411,baseline,10.30,97.06,94.75,95.25,9.75,7.78,11.37,7.00,102.27,100.77
57.511,baseline,10.48,95.40,99.37,93.01,9.74,7.78,11.37,6.95,102.40,100.80
57.618,baseline,10.06,99.38,107.29,98.63,9.73,7.78,11.37,6.81,102.67,100.95
57.731,baseline,9.26,108.00,111.86,105.85,9.71,7.78,11.37,6.70,102.84,101.23
57.831,baseline,8.94,111.87,100.46,110.49,9.69,7.78,11.37,6.79,102.69,101.39
57.930,baseline,9.88,101.17,98.16,98.33,9.70,7.78,11.37,6.73,102.67,101.22
58.021,baseline,10.19,98.17,91.29,96.49,9.71,7.78,11.37,6.74,102.56,101.19
58.117,baseline,10.88,91.94,94.69,90.04,9.72,7.78,11.37,6.87,102.38,101.07
58.217,baseline,10.56,94.70,100.45,94.01,9.73,7.78,11.37,6.94,102.38,100.91
58.317,baseline,9.89,101.09,99.33,98.81,9.73,7.78,11.37,6.94,102.52,100.91
58.439,baseline,10.07,99.34,122.09,98.19,9.72,7.78,11.37,6.80,103.01,101.04
58.541,baseline,8.14,122.84,100.49,119.99,9.67,7.78,11.37,7.14,103.22,101.53
58.642,baseline,9.95,100.51,101.64,99.08,9.65,7.78,10.88,6.87,103.31,101.74
58.742,baseline,9.77,102.33,99.27,99.45,9.65,7.78,10.88,6.81,103.22,101.82
58.846,baseline,10.07,99.29,103.80,97.81,9.65,7.78,10.88,6.83,103.18,101.71
58.953,baseline,9.57,104.51,106.14,102.39,9.66,7.78,10.88,6.82,103.31,101.67
59.051,baseline,9.42,106.16,98.14,105.31,9.65,7.78,10.88,6.79,103.23,101.81
59.154,baseline,10.12,98.85,102.80,97.17,9.65,7.78,10.88,6.82,103.33,101.75
59.244,baseline,9.73,102.81,89.01,101.07,9.64,7.78,10.88,6.77,103.15,101.83
59.350,baseline,11.15,89.68,106.21,87.62,9.66,7.78,11.15,6.99,103.29,101.66
59.449,baseline,9.41,106.23,98.20,104.66,9.65,7.78,11.15,6.96,103.31,101.80
59.567,baseline,10.11,98.92,117.62,97.08,9.65,7.78,11.15,6.94,103.67,101.83
59.678,baseline,8.50,117.64,110.71,116.32,9.61,7.78,11.15,7.10,103.82,102.19
59.783,baseline,8.97,111.49,104.99,109.00,9.60,7.78,11.15,7.16,103.80,102.35
59.886,baseline,9.52,105.00,102.74,104.16,9.60,7.78,11.15,7.15,103.65,102.34
59.986,baseline,9.67,103.43,99.25,101.22,9.61,7.78,11.15,7.07,103.53,102.20
60.080,baseline,10.07,99.27,93.62,98.12,9.63,7.78,11.15,7.09,103.27,102.08
60.175,baseline,10.61,94.26,94.82,91.93,9.65,7.78,11.15,7.14,103.02,101.81
60.272,baseline,10.54,94.83,97.08,93.06,9.67,7.78,11.15,7.19,102.85,101.56
